105,"Garrett Memorial Christian Hope Ar vs Golden Valley Merced Ca",Girls Volleyball,"Arkansas",9/4/2026,7:30 PM,"The Golden Valley Merced Ca varsity volleyball team has a game @ Garrett Memorial Christian Hope Ar (Arkansas).","/inter-state/volleyball/match/garrett-memorial-christian-hope-ar-vs-golden-valley-merced-ca/9-4-2026/?c=e0518ee6-25df-4f66-957d-8a088b7eafbc","https://www.maxpreps.com/inter-state/volleyball/match/garrett-memorial-christian-hope-ar-vs-golden-valley-merced-ca/9-4-2026/?c=e0518ee6-25df-4f66-957d-8a088b7eafbc",174b,"Cougars","Saints","https://www.maxpreps.com/ar/garrett-memorial-christian-hope-ar/girls-volleyball/","https://www.maxpreps.com/ar/golden-valley-merced-ca/girls-volleyball/","https://image.maxpreps.io/school-mascot/4/6/0/4605aee1-8f5c-46f6-ab48-bb0c3f1c7f6e.gif?version=636254512200000000&amp;width=128&amp;height=128&amp;auto=webp&amp;format=pjpg","https://image.maxpreps.io/school-mascot/4/6/0/4605aee1-8f5c-46f6-ab48-bb0c3f1c7f6e.gif?version=636254512200000000&amp;width=32&amp;height=32&amp;auto=webp&amp;format=pjpg"
106,"Garrett Memorial Christian Hope Ar vs Marcus Flower Mound Tx",Girls Volleyball,"Arkansas",9/4/2026,7:30 PM,"The Marcus Flower Mound Tx varsity volleyball team has a game @ Garrett Memorial Christian Hope Ar (Arkansas).","/inter-state/volleyball/match/garrett-memorial-christian-hope-ar-vs-marcus-flower-mound-tx/9-4-2026/?c=8ab6e32c-3854-4208-a859-8f8c393abcd1","https://www.maxpreps.com/inter-state/volleyball/match/garrett-memorial-christian-hope-ar-vs-marcus-flower-mound-tx/9-4-2026/?c=8ab6e32c-3854-4208-a859-8f8c393abcd1",173a,"Saints","Marauders","https://www.maxpreps.com/ar/garrett-memorial-christian-hope-ar/girls-volleyball/","https://www.maxpreps.com/ar/marcus-flower-mound-tx/girls-volleyball/","https://image.maxpreps.io/school-mascot/7/c/0/7c0e57a9-870d-43cb-9334-e27c67d044c3.gif?version=635410149600000000&amp;width=128&amp;height=128&amp;auto=webp&amp;format=pjpg","https://image.maxpreps.io/school-mascot/7/c/0/7c0e57a9-870d-43cb-9334-e27c67d044c3.gif?version=635410149600000000&amp;width=32&amp;height=32&amp;auto=webp&amp;format=pjpg"
107,"Eureka Springs vs Life Way Christian Centerton",Girls Volleyball,"Arkansas",9/4/2026,7:30 PM,"The Life Way Christian Centerton varsity volleyball team has a game @ Eureka Springs (Arkansas).","/ar/volleyball/match/eureka-springs-vs-life-way-christian-centerton/9-4-2026/?c=c00d50c3-7700-4f78-936e-7581c6c51d6f","https://www.maxpreps.com/ar/volleyball/match/eureka-springs-vs-life-way-christian-centerton/9-4-2026/?c=c00d50c3-7700-4f78-936e-7581c6c51d6f",1202,"Highlanders","Warriors","https://www.maxpreps.com/ar/eureka-springs/girls-volleyball/","https://www.maxpreps.com/ar/life-way-christian-centerton/girls-volleyball/","https://image.maxpreps.io/school-mascot/d/b/0/db0e4054-43f9-4349-953e-60ca582115e7.gif?version=636131650800000000&amp;width=128&amp;height=128&amp;auto=webp&amp;format=pjpg","https://image.maxpreps.io/school-mascot/5/b/a/5ba5b81d-ddd0-486c-8295-0c48b909d5a4.gif?version=639231545492880480&amp;width=128&amp;height=128&amp;auto=webp&amp;format=pjpg"
108,"Arkansas Texarkana Ar vs Liberty Eylau Texarkana Tx",Girls Volleyball,"Arkansas",9/4/2026,7:30 PM,"The Liberty Eylau Texarkana Tx varsity volleyball team has a game @ Arkansas Texarkana Ar (Arkansas).","/inter-state/volleyball/match/arkansas-texarkana-ar-vs-liberty-eylau-texarkana-tx/9-4-2026/?c=45ceaf71-0419-4fb6-8df4-c6da56b412f9","https://www.maxpreps.com/inter-state/volleyball/match/arkansas-texarkana-ar-vs-liberty-eylau-texarkana-tx/9-4-2026/?c=45ceaf71-0419-4fb6-8df4-c6da56b412f9",13d0,"Razorbacks","Leopards","https://www.maxpreps.com/ar/arkansas-texarkana-ar/girls-volleyball/","https://www.maxpreps.com/ar/liberty-eylau-texarkana-tx/girls-volleyball/","https://image.maxpreps.io/school-mascot/a/3/b/a3b2bfa5-8f12-449b-a316-7b060654261b.gif?version=635768721600000000&amp;width=128&amp;height=128&amp;auto=webp&amp;format=pjpg","https://image.maxpreps.io/school-mascot/4/9/2/4927e3a1-21af-445f-9a5e-ce6e70407bdd.gif?version=635834343000000000&amp;width=128&amp;height=128&amp;auto=webp&amp;format=pjpg"
109,"Lebanon Homeschool Mo vs Little Rock Homeschool Ar",Girls Volleyball,"Arkansas",9/4/2026,7:30 PM,"The Little Rock Homeschool Ar varsity volleyball team has a game @ Lebanon Homeschool Mo (Arkansas).","/inter-state/volleyball/match/lebanon-homeschool-mo-vs-little-rock-homeschool-ar/9-4-2026/?c=0b746825-69c6-45a6-85c9-69461f7402a9","https://www.maxpreps.com/inter-state/volleyball/match/lebanon-homeschool-mo-vs-little-rock-homeschool-ar/9-4-2026/?c=0b746825-69c6-45a6-85c9-69461f7402a9",1351,"Rockets","Flames","https://www.maxpreps.com/ar/lebanon-homeschool-mo/girls-volleyball/","https://www.maxpreps.com/ar/little-rock-homeschool-ar/girls-volleyball/","https://image.maxpreps.io/school-mascot/c/5/9/c5956658-27fe-4434-9493-64cf748e7d37.gif?version=638730521899824580&amp;width=128&amp;height=128&amp;auto=webp&amp;format=pjpg","https://image.maxpreps.io/school-mascot/c/5/9/c5956658-27fe-4434-9493-64cf748e7d37.gif?version=638730521899824580&amp;width=32&amp;height=32&amp;auto=webp&amp;format=pjpg"
110,"Little Rock Homeschool Ar vs Springfield Homeschool Mo",Girls Volleyball,"Arkansas",9/4/2026,7:30 PM,"The Springfield Homeschool Mo varsity volleyball team has a game @ Little Rock Homeschool Ar (Arkansas).","/inter-state/volleyball/match/little-rock-homeschool-ar-vs-springfield-homeschool-mo/9-4-2026/?c=aebaa98e-c967-41d7-a668-f8a27297f073","https://www.maxpreps.com/inter-state/volleyball/match/little-rock-homeschool-ar-vs-springfield-homeschool-mo/9-4-2026/?c=aebaa98e-c967-41d7-a668-f8a27297f073",1509,"Knights","Flames","https://www.maxpreps.com/ar/little-rock-homeschool-ar/girls-volleyball/","https://www.maxpreps.com/ar/springfield-homeschool-mo/girls-volleyball/","https://image.maxpreps.io/school-mascot/c/5/9/c5956658-27fe-4434-9493-64cf748e7d37.gif?version=638730521899824580&amp;width=128&amp;height=128&amp;auto=webp&amp;format=pjpg","https://image.maxpreps.io/school-mascot/c/5/9/c5956658-27fe-4434-9493-64cf748e7d37.gif?version=638730521899824580&amp;width=32&amp;height=32&amp;auto=webp&amp;format=pjpg"
111,"Koshkonong Mo vs Mammoth Spring Ar",Girls Volleyball,"Arkansas",9/4/2026,7:30 PM,"The Mammoth Spring Ar varsity volleyball team has a game @ Koshkonong Mo (Arkansas).","/inter-state/volleyball/match/koshkonong-mo-vs-mammoth-spring-ar/9-4-2026/?c=3c204fdf-34ab-432d-853a-37d15ac9e2f9","https://www.maxpreps.com/inter-state/volleyball/match/koshkonong-mo-vs-mammoth-spring-ar/9-4-2026/?c=3c204fdf-34ab-432d-853a-37d15ac9e2f9",d40,"Bears","Blue Jays","https://www.maxpreps.com/ar/koshkonong-mo/girls-volleyball/","https://www.maxpreps.com/ar/mammoth-spring-ar/girls-volleyball/","https://image.maxpreps.io/school-mascot/8/9/d/89d16b54-9934-4010-b86e-12050e9fbcbe.gif?version=635799894000000000&amp;width=128&amp;height=128&amp;auto=webp&amp;format=pjpg","https://image.maxpreps.io/school-mascot/9/1/0/910aeec9-8b37-4016-90ac-1a183e1061b4.gif?version=637049251200000000&amp;width=128&amp;height=128&amp;auto=webp&amp;format=pjpg"
112,"Little Rock Homeschool Ar vs Tournament Opponent Intl",Girls Volleyball,"Arkansas",9/4/2026,7:30 PM,"The Tournament Opponent Intl varsity volleyball team has a game @ Little Rock Homeschool Ar (Arkansas).","/ar/volleyball/match/little-rock-homeschool-ar-vs-tournament-opponent-intl/9-4-2026/?c=89abbf0b-daee-4857-af1f-6fdbd4f30a97","https://www.maxpreps.com/ar/volleyball/match/little-rock-homeschool-ar-vs-tournament-opponent-intl/9-4-2026/?c=89abbf0b-daee-4857-af1f-6fdbd4f30a97",14dc,"Flames","TBD","https://www.maxpreps.com/ar/little-rock-homeschool-ar/girls-volleyball/","https://www.maxpreps.com/ar/tournament-opponent-intl/girls-volleyball/","https://image.maxpreps.io/school-mascot/c/5/9/c5956658-27fe-4434-9493-64cf748e7d37.gif?version=638730521899824580&amp;width=128&amp;height=128&amp;auto=webp&amp;format=pjpg","https://image.maxpreps.io/school-mascot/c/5/9/c5956658-27fe-4434-9493-64cf748e7d37.gif?version=638730521899824580&amp;width=32&amp;height=32&amp;auto=webp&amp;format=pjpg"
113,"Mater Dei Santa Ana Ca vs Oak Park River Forest Il",Girls Volleyball,"Arkansas",9/4/2026,7:30 PM,"The Oak Park River Forest Il varsity volleyball team has a game @ Mater Dei Santa Ana Ca (Arkansas).","/inter-state/volleyball/match/mater-dei-santa-ana-ca-vs-oak-park-river-forest-il/9-4-2026/?c=78a09b21-c23f-48a6-a6b0-af2f47abb2ff","https://www.maxpreps.com/inter-state/volleyball/match/mater-dei-santa-ana-ca-vs-oak-park-river-forest-il/9-4-2026/?c=78a09b21-c23f-48a6-a6b0-af2f47abb2ff",127a,"Huskies","Monarchs","https://www.maxpreps.com/ar/mater-dei-santa-ana-ca/girls-volleyball/","https://www.maxpreps.com/ar/oak-park-river-forest-il/girls-volleyball/","https://image.maxpreps.io/school-mascot/7/b/9/7b9e512a-ca78-41f9-8ffd-dfedced2c091.gif?version=637872702600000000&amp;width=128&amp;height=128&amp;auto=webp&amp;format=pjpg","https://image.maxpreps.io/school-mascot/2/b/6/2b6b45d3-4465-4750-ba48-a273b674e37c.gif?version=637964957400000000&amp;width=128&amp;height=128&amp;auto=webp&amp;format=pjpg"
114,"Cathedral Catholic San Diego vs Village Christian Sun Valley",Girls Volleyball,"Arkansas",9/4/2026,7:30 PM,"The Village Christian Sun Valley varsity volleyball team has a game @ Cathedral Catholic San Diego (Arkansas).","/ca/volleyball/match/cathedral-catholic-san-diego-vs-village-christian-sun-valley/9-4-2026/?c=44a91757-c9fa-42af-aa6d-4c27b0be6889","https://www.maxpreps.com/ca/volleyball/match/cathedral-catholic-san-diego-vs-village-christian-sun-valley/9-4-2026/?c=44a91757-c9fa-42af-aa6d-4c27b0be6889",1716,"Dons","Crusaders","https://www.maxpreps.com/ar/cathedral-catholic-san-diego/girls-volleyball/","https://www.maxpreps.com/ar/village-christian-sun-valley/girls-volleyball/","https://image.maxpreps.io/school-mascot/1/5/c/15c34e49-1a29-4298-8a84-00a2ec6ae36b.gif?version=638091152400000000&amp;width=128&amp;height=128&amp;auto=webp&amp;format=pjpg","https://image.maxpreps.io/school-mascot/0/2/5/02554ce1-5b45-48d3-8d6d-4bffb5609097.gif?version=638270427600000000&amp;width=128&amp;height=128&amp;auto=webp&amp;format=pjpg"
115,"Duncanville Panthers And Pantherettes vs North Forney",Girls Volleyball,"Arkansas",9/4/2026,7:30 PM,"The North Forney varsity volleyball team has a game @ Duncanville Panthers And Pantherettes (Arkansas).","/tx/volleyball/match/duncanville-panthers-and-pantherettes-vs-north-forney/9-4-2026/?c=a8449ad7-0c70-44b2-af61-715169bbbbf0","https://www.maxpreps.com/tx/volleyball/match/duncanville-panthers-and-pantherettes-vs-north-forney/9-4-2026/?c=a8449ad7-0c70-44b2-af61-715169bbbbf0",14f9,"Falcons","Panthers","https://www.maxpreps.com/ar/duncanville-panthers-and-pantherettes/girls-volleyball/","https://www.maxpreps.com/ar/north-forney/girls-volleyball/","https://image.maxpreps.io/school-mascot/1/c/c/1cc5cc49-163a-46a1-babf-329b47e42d53.gif?version=638174089200000000&amp;width=128&amp;height=128&amp;auto=webp&amp;format=pjpg","https://image.maxpreps.io/school-mascot/5/5/6/556cde7f-6469-4bd0-934c-fe78b5949f68.gif?version=637776592800000000&amp;width=128&amp;height=128&amp;auto=webp&amp;format=pjpg"
116,"Mater Dei Santa Ana vs Murrieta Valley",Girls Volleyball,"Arkansas",9/4/2026,7:30 PM,"The Murrieta Valley varsity volleyball team has a game @ Mater Dei Santa Ana (Arkansas).","/ca/volleyball/match/mater-dei-santa-ana-vs-murrieta-valley/9-4-2026/?c=ffb29556-417f-4728-be12-1fdc40464a3e","https://www.maxpreps.com/ca/volleyball/match/mater-dei-santa-ana-vs-murrieta-valley/9-4-2026/?c=ffb29556-417f-4728-be12-1fdc40464a3e",e7f,"Monarchs","Nighthawks","https://www.maxpreps.com/ar/mater-dei-santa-ana/girls-volleyball/","https://www.maxpreps.com/ar/murrieta-valley/girls-volleyball/","https://image.maxpreps.io/school-mascot/2/b/6/2b6b45d3-4465-4750-ba48-a273b674e37c.gif?version=637964957400000000&amp;width=128&amp;height=128&amp;auto=webp&amp;format=pjpg","https://image.maxpreps.io/school-mascot/2/5/4/2547be44-91f7-4130-8c5b-7f96492657a6.gif?version=634510722600000000&amp;width=128&amp;height=128&amp;auto=webp&amp;format=pjpg"
117,"Allen vs Plano East",Girls Volleyball,"Arkansas",9/4/2026,7:30 PM,"The Plano East varsity volleyball team has a game @ Allen (Arkansas).","/tx/volleyball/match/allen-vs-plano-east/9-4-2026/?c=c959598d-bc39-46ab-aa6f-becfe04d4258","https://www.maxpreps.com/tx/volleyball/match/allen-vs-plano-east/9-4-2026/?c=c959598d-bc39-46ab-aa6f-becfe04d4258",743,"Panthers","Eagles","https://www.maxpreps.com/ar/allen/girls-volleyball/","https://www.maxpreps.com/ar/plano-east/girls-volleyball/","https://image.maxpreps.io/school-mascot/6/d/2/6d2d144e-65dd-4974-aeee-f5dd6e8e73e7.gif?version=637749946200000000&amp;width=128&amp;height=128&amp;auto=webp&amp;format=pjpg","https://image.maxpreps.io/school-mascot/0/b/a/0bad373d-33a2-45b6-b1d4-6c55e876344c.gif?version=639215103242455420&amp;width=128&amp;height=128&amp;auto=webp&amp;format=pjpg"
118,"Cornerstone Christian San Antonio vs Lake Travis Austin",Girls Volleyball,"Arkansas",9/4/2026,7:30 PM,"The Lake Travis Austin varsity volleyball team has a game @ Cornerstone Christian San Antonio (Arkansas).","/tx/volleyball/match/cornerstone-christian-san-antonio-vs-lake-travis-austin/9-4-2026/?c=39b9a093-0726-4dc3-bb2c-006b73d3620a","https://www.maxpreps.com/tx/volleyball/match/cornerstone-christian-san-antonio-vs-lake-travis-austin/9-4-2026/?c=39b9a093-0726-4dc3-bb2c-006b73d3620a",159f,"Cavaliers","Warriors","https://www.maxpreps.com/ar/cornerstone-christian-san-antonio/girls-volleyball/","https://www.maxpreps.com/ar/lake-travis-austin/girls-volleyball/","https://image.maxpreps.io/school-mascot/e/0/9/e095cff2-1a68-48bf-a8cb-7c85ea824e67.gif?version=637977130800000000&amp;width=128&amp;height=128&amp;auto=webp&amp;format=pjpg","https://image.maxpreps.io/school-mascot/0/d/4/0d4488fa-a03d-47c9-b874-f78523a2e76a.gif?version=637689444000000000&amp;width=128&amp;height=128&amp;auto=webp&amp;format=pjpg"
