No,Region,Sport,Match_Details
1,"Georgia",Volleyball,"There are 226 matches for Atlanta volleyball on Thu, 9/3/2026. The featured matches are by Atlanta top ranked teams #1 Hebron Christian (Dacula, GA) vs. Darlington (Rome, GA), #1 Hebron Christian (Dacula, GA) @ Allatoona (Acworth, GA), and St. Francis (Alpharetta, GA) @ #3 Milton (GA). The first match, North Cobb (Kennesaw, GA) vs. Viera (FL), starts at 3:15p. Related Content Atlanta Girls Volleyball Rankings Recent Atlanta Girls Volleyball HeadlinesVOLLEYBALL: Preseason top 100VOLLEYBALL: Preseason All-Americans Atlanta High School Volleyball Schedule 226 Matches 12-9 North Cobb 5-0 Viera 3:15p 0-0 Oneonta 7-9 King's Ridge Christian 4:30p console.log('MaxPrepsAds - createMark: Element Defined - leaderboard-banner-inc1');performance && performance.mark && performance.mark('MaxPrepsAds - Element Defined: leaderboard-banner-inc1'); 2-9 Cristo Rey Atlanta 6-3 The Weber School 4:30p 1-1 Highlands Christian 16-4 North Hall 4:30p 9-9 Alexander 15-0 Bremen 5p 10-12 St. Francis 18-3 (#3) Milton 5p 12-6 Grayson 12-7 South Gwinnett 5p 20-4 Seckinger 5-15 Dacula 5p 11-4 (#21) Johns Creek 9-10 Norcross 5p 7-8 Heard County 12-8 Upson-Lee 5p 7-10-1 Drew 4-10 Lovejoy 5p 4-11 Trion 11-10 Cedartown 5p 11-11 Discovery 7-11 Collins Hill 5p 13-7 Etowah 11-5 Holy Innocents Episcopal 5p 1-20 Northview 4-14 Centennial 5p 8-1 Trinity Christian 9-2 (#5) Woodward Academy 5p 8-10 Hart County 15-4 Jefferson 5p 12-6 (#20) Buford 5-17 Central Gwinnett 5p 9-8 Jackson 3-10 Pike County 5p 9-9 Starr's Mill 15-3 (#9) McIntosh 5p 4-3 Lafayette Christian 4-10 Central Georgia Arts 5p 9-12 Eagle's Landing 2-14 Griffin 5p 21-3 (#12) Westminster 11-5 Holy Innocents Episcopal 5p 17-4 Chattooga 5-10 Adairsville 5p 4-4 Killian Hill Christian 7-4G Genesis Academy 5p 8-10 North Atlanta 7-6 Pace Academy 5p 10-8 Wesleyan 16-2 (#14) Brookwood 5p 17-6 Athens Academy 8-8 Banks County 5p 7-17 Gilmer 17-4 LaFayette 5p 0-6 St. George's 9-4 Oak Mountain Academy 5p 6-9 East Hall 16-8 Oconee County 5p 0-6 Salem 11-3 Therrell 5p 12-11 Paulding County 1-9 Hiram 5p 7-13 Mill Creek 6-10 Greater Atlanta Christian 5p 16-6 Murray County 10-10 Southeast Whitfield 5p 6-9 LaGrange 9-10 Columbus 5p 16-14 Loganville 13-7 Clarke Central 5p 8-15 Winder-Barrow 5-9 Johnson 5p 1-3 Friendship Christian 0-12 Valor Christian 5p 5-5 Galloway 10-9-2 Druid Hills 5p 2-16 Meadowcreek 4-16 Peachtree Ridge 5p 1-11 Alcovy 8-12 Eastside 5p 6-9 Callaway 7-4 Central 5p 15-7 Lumpkin County 3-12F Flowery Branch 5p 8-13 Darlington 6-10 Allatoona 5p 16-7 East Forsyth 9-7 North Gwinnett 5p 8-4 Mt. Zion 4-12 McDonough 5:30p 10-5 Covenant Christian Academy 9-2 NGCA 5:30p 5-8 Hapeville Charter 3-5 Creekside 5:30p 11-12 Pebblebrook 9-8 Jonesboro 5:30p 18-3 Woodland 1-17 Riverdale 5:30p 1-7 Covenant Academy 2-5 Gatewood 5:30p 5-13 Mt. Bethel Christian Academy 12-8 Walker 5:30p 5-16 Tri-Cities 9-11 Osborne 5:30p 5-8 Haralson County 12-8 Villa Rica 5:30p 7-9 Carrollton 16-6 (#17) North Paulding 5:30p 19-6 Armuchee 6-7 Elite Scholars Academy 5:30p 8-4 Mt. Zion 6-7 North Clayton 5:30p 9-5 Hampton 9-19 Fayette County 5:30p 4-10 Heritage 6-5 Rockdale County 5:30p 5-8 Redan 4-12-1 Clarkston 5:30p 11-10 Coosa 10-12 Rockmart 5:30p 4-5 Holy Spirit Prep 8-11 Atlanta Classical Academy 5:30p 0-0C Crossroads Christian Academy 2-2 The Stonehaven School 5:45p 5-14 Social Circle 1-6 Peachtree Academy 6p 11-6 Denmark 15-5 (#18) Lambert 6p 0-1 Arlington Christian 1-3F Family Homeschool Alliance 6p 8-10 North Atlanta 10-9 (#19) Alpharetta 6p 10-7 South Cobb 1-20 Northview 6p 5-7 Bethlehem Christian Academy 4-6 Athens Christian 6p 5-12 Cherokee Bluff 0-11 West Hall 6p 3-5 Northeast 6-9 Callaway 6p 1-11 Alcovy 4-13 Columbia 6p 15-10 Calhoun 9-9 Alexander 6p 0-3 Georgia School for the Deaf 0-0 Tennessee School for the Deaf 5p 1-8 Monsignor Donovan Catholic 9-2 Trinity Prep 6p 9-4 Lamar County 9-8 Jackson 6p 11-9 South Paulding 4-4 Praise Academy 6p 6-9 Loganville Christian Academy 4-9 Lakeview Academy 6p 0-13 Spalding 14-7 Northside 6p 9-7 Landmark Christian 5-5 Galloway 6p 12-11 Paulding County 13-5 East Paulding 6p 7-8 Mountain View 10-14 Walnut Grove 6p 17-6 (#24) Jackson County 5-10 Oglethorpe County 6p 5-2 Griffin Christian 0-3 The Campus 6p 19-1 (#1) Hebron Christian 8-13 Darlington 6p 6-9 Commerce 17-6 Athens Academy 6p 17-7 Dunwoody 8-10 Hart County 6p 0-7 Glenn Hills 4-15 Jasper County 6p 15-10 Madison County 16-2 Greenbrier 6p 4-2 Covenant Christian School 0-2 Excel Christian Academy 6p 17-6 Chamblee 16-7 East Forsyth 6p 8-8-2 Lakeside 11-4 (#21) Johns Creek 6p 17-1 Ashville 4-2 Cleburne County 5p 0-7 Community Christian 12-7 Scholars Guild Academy 6p 14-3 Brookstone 4-5 Heritage 6p 2-4 Westminster Christian Academy 7-1 Piedmont Academy 6p 17-4 Riverwood 9-9 Starr's Mill 6p 1-20 Northview 5-12 Duluth 6p 6-9 Horizon Christian Academy 7-5 St. John Bosco Academy 6p 1-6 Greene County 5-8 Hephzibah 6p 11-6 Habersham Central 16-14 Loganville 6p 8-10 East Coweta 7-11 Northgate 6p 10-9 Whitewater 16-6 Locust Grove 6p 14-10 South Forsyth 6-17 West Forsyth 6p 8-15 Winder-Barrow 7-10 Rabun County 6p 18-2 (#6) North Forsyth 14-5 (#25) Forsyth Central 6p 6-9 Stockbridge 9-12 Eagle's Landing 6p 12-8 Tallulah Falls 13-12 George Walton Academy 6p 2-15 Stephens County 11-9 Pickens 6p 15-1 Stephenson 0-13 Lithonia 6p 21-3 (#12) Westminster 13-7 Etowah 6p 11-12 Sonoraville 17-4 Chattooga 6p 8-5 Troup County 6-9 LaGrange 6p 14-8 Ola 7-8 Heard County 6p 8-10 Lakeview-Fort Oglethorpe 7-17 Gilmer 6p 2-19 Sprayberry 12-8 Hillgrove 6p 4-11 Woodland 13-1 Gordon Lee 6p 0-3 Atlanta Jewish Academy 1-1T The New School 6:15p 4-2 Hayesville 4-3 Rosman 6:30p 12-8 Kell 12-4 (#10) Pope 6:30p 18-3 Woodland 1-14 Sandy Creek 6:30p 8-1 Pinecrest Academy 4-9 Lanier Christian Academy 6:30p 10-9 Lassiter 7-13 Rome 6:30p 1-6 Holy Ground Baptist Academy 8-6 Harvester Christian Academy 6:30p 1-1 Wadley 3-0 Randolph County 5:30p 5-4 Konos Academy 7-12 Creekside Christian Academy 6:30p 2-3 Atlanta International 5-13 Mt. Bethel Christian Academy 6:30p 5-6 Drew Charter 12-4 Campbell 6:30p 3-15 Woodstock 13-8 Creekview 6:30p 3-8 Fulton Science Academy 8-8 Dominion Christian 6:30p 4-14C Coretta Scott King YWLA 5-5 Banneker 6:30p 5-16 Tri-Cities 1-6 North Springs 6:30p 15-2 (#11) Sequoyah 15-8 River Ridge 6:30p 3-12 Temple 5-8 Taylor County 6:30p 4-9 Tattnall Square Academy 4-10 Strong Rock Christian 6:30p 12-6 Rock Springs Christian Academy 4-4 New Creation Christian Academy 6:30p 7-9 Carrollton 10-2 North Cobb Christian 6:30p 7-10 Union Grove 19-6 Armuchee 6:30p 6-9 Commerce 8-8 Banks County 7p 6-5 St. Mary's Academy 1-10 Northwest Classical Academy 7p 8-15 Chestatee 15-7 Lumpkin County 7p 11-6 Habersham Central 13-7 Clarke Central 7p 13-1 Gordon Lee 11-8 Pepperell 7p 14-8 Ola 12-8 Upson-Lee 7p 15-10 Calhoun 15-0 Bremen 7p 0-7 Rabun Gap-Nacoochee 1-7 Walhalla 7p 0-14 Cass 11-9 Pickens 7p 11-12 Sonoraville 5-10 Adairsville 7p 9-7 Landmark Christian 10-9-2 Druid Hills 7p 4-15 Jasper County 3-9 Washington-Wilkes 7p 4-11 Woodland 11-8 Pepperell 7p 16-6 Murray County 4-16 North Murray 7p 9-4 Lamar County 3-10 Pike County 7p 1-10 Mays 0-6 Salem 7p 5-12 Duluth 4-14 Centennial 7p 8-12 Newnan 8-10 East Coweta 7p 0-11 West Hall 8-6 Monroe Area 7p 12-5 East Jackson 16-8 Oconee County 7p 10-10 Southeast Whitfield 4-16 North Murray 7p 15-10 Madison County 14-8 Elbert County 7p 8-8-2 Lakeside 9-10 Norcross 7p 10-0 Fideles Christian 10-4 The King's Academy 7p 8-15 Chestatee 3-12F Flowery Branch 7p 0-6 Luella 9-5 Hampton 7p 4-13 Columbia 8-12 Eastside 7p 5-10 Oglethorpe County 4-13 Cedar Shoals 7p 10-9 Whitewater 7-8 Dutchtown 7p 7-10 Rabun County 5-9 Johnson 7p 10-9 (#19) Alpharetta 7-6 Pace Academy 7p 17-7 Dunwoody 15-4 Jefferson 7p 0-13 Spalding 12-7 Houston County 7p 8-5 Troup County 9-10 Columbus 7p 17-6 Chamblee 9-7 North Gwinnett 7p 11-7 Morrow 9-6-2 Decatur 7p 19-1 (#1) Hebron Christian 6-10 Allatoona 7p 17-4 Riverwood 15-3 (#9) McIntosh 7p 10-14 Walnut Grove 10-13 Apalachee 7p 1-14 Sandy Creek 1-17 Riverdale 7:30p 6-7 North Clayton 4-12 McDonough 7:30p 5-5 Banneker 4-5 South Atlanta 7:30p 1-6 North Springs 9-11 Osborne 7:30p 11-4 Chapel Hill 12-8 Villa Rica 7:30p 2-3 Atlanta International 12-8 Walker 7:30p 2-8 Central Christian 3-2 Ballard Christian 6:30p 10-2 North Cobb Christian 16-6 (#17) North Paulding 7:30p 15-8 Model 3-15 Unity Christian 7:30p 1-2 Notasulga 2-3 Woodland 6:30p 0-6 Luella 9-19 Fayette County 7:30p 7-10 Union Grove 6-7 Elite Scholars Academy 7:30p 6-5-1 Cross Keys 4-12-1 Clarkston 7:30p 7-8 Dutchtown 16-6 Locust Grove 8p 8-12 Newnan 7-11 Northgate 8p 0-0 Oneonta 16-4 North Hall 3-12 Temple 3-9 Spencer 5-12 Cherokee Bluff 8-6 Monroe Area 3-4 Carver 1-11 Douglass 1-10 Mays 1-11 Douglass 5-15 Chattahoochee 3-15 Cherokee 13-5 East Paulding 1-9 Hiram 3-15 McEachern 4-10 New Manchester 8-3-1 Arabia Mountain 0-13 Lithonia 0-14 Cass 2-15 Stephens County 6-9 Stockbridge 2-14 Griffin 9-12 Gainesville 11-16 Fannin County 15-2 (#22) Archer 2-9 Newton 9-12 Gainesville 12-9 White County 3-11 KIPP Atlanta Collegiate 6-3 The Weber School 10-9 Southwest DeKalb 1-12 Mundy's Mill 7-8 Mountain View 10-13 Apalachee 5-8 Redan 6-5-1 Cross Keys 8-3-1 Arabia Mountain 15-1 Stephenson 12-5 East Jackson 6-9 East Hall 11-4 Chapel Hill 5-8 Haralson County 9-11 Douglas County 3-15 McEachern 1-12 Mundy's Mill 4-18 Forest Park 2-7 M.L. King 6-8 Miller Grove 3-8 Cedar Grove 3-10 Stone Mountain 6-7 Lithia Springs 4-8 Langston Hughes 1-10 Mays 11-3 Therrell 4-14C Coretta Scott King YWLA 4-5 South Atlanta 3-4 Carver 1-10 Mays 9-11 Douglas County 4-10 New Manchester 17-6 (#24) Jackson County 4-13 Cedar Shoals 10-9 Southwest DeKalb 4-18 Forest Park 11-16 Fannin County 12-9 White County"
2,"Georgia",Volleyball,"12-9 North Cobb 5-0 Viera 3:15p"
3,"Georgia",Volleyball,"0-0 Oneonta 7-9 King's Ridge Christian 4:30p"
4,"Georgia",Volleyball,"2-9 Cristo Rey Atlanta 6-3 The Weber School 4:30p"
5,"Georgia",Volleyball,"1-1 Highlands Christian 16-4 North Hall 4:30p"
6,"Georgia",Volleyball,"9-9 Alexander 15-0 Bremen 5p"
7,"Georgia",Volleyball,"10-12 St. Francis 18-3 (#3) Milton 5p"
8,"Georgia",Volleyball,"12-6 Grayson 12-7 South Gwinnett 5p"
9,"Georgia",Volleyball,"20-4 Seckinger 5-15 Dacula 5p"
10,"Georgia",Volleyball,"11-4 (#21) Johns Creek 9-10 Norcross 5p"
11,"Georgia",Volleyball,"7-8 Heard County 12-8 Upson-Lee 5p"
12,"Georgia",Volleyball,"7-10-1 Drew 4-10 Lovejoy 5p"
13,"Georgia",Volleyball,"4-11 Trion 11-10 Cedartown 5p"
14,"Georgia",Volleyball,"11-11 Discovery 7-11 Collins Hill 5p"
15,"Georgia",Volleyball,"13-7 Etowah 11-5 Holy Innocents Episcopal 5p"
16,"Georgia",Volleyball,"1-20 Northview 4-14 Centennial 5p"
17,"Georgia",Volleyball,"8-1 Trinity Christian 9-2 (#5) Woodward Academy 5p"
18,"Georgia",Volleyball,"8-10 Hart County 15-4 Jefferson 5p"
19,"Georgia",Volleyball,"12-6 (#20) Buford 5-17 Central Gwinnett 5p"
20,"Georgia",Volleyball,"9-8 Jackson 3-10 Pike County 5p"
21,"Georgia",Volleyball,"9-9 Starr's Mill 15-3 (#9) McIntosh 5p"
22,"Georgia",Volleyball,"4-3 Lafayette Christian 4-10 Central Georgia Arts 5p"
23,"Georgia",Volleyball,"9-12 Eagle's Landing 2-14 Griffin 5p"
24,"Georgia",Volleyball,"21-3 (#12) Westminster 11-5 Holy Innocents Episcopal 5p"
25,"Georgia",Volleyball,"17-4 Chattooga 5-10 Adairsville 5p"
26,"Georgia",Volleyball,"4-4 Killian Hill Christian 7-4G Genesis Academy 5p"
27,"Georgia",Volleyball,"8-10 North Atlanta 7-6 Pace Academy 5p"
28,"Georgia",Volleyball,"10-8 Wesleyan 16-2 (#14) Brookwood 5p"
29,"Georgia",Volleyball,"17-6 Athens Academy 8-8 Banks County 5p"
30,"Georgia",Volleyball,"7-17 Gilmer 17-4 LaFayette 5p"
31,"Georgia",Volleyball,"0-6 St. George's 9-4 Oak Mountain Academy 5p"
32,"Georgia",Volleyball,"6-9 East Hall 16-8 Oconee County 5p"
33,"Georgia",Volleyball,"0-6 Salem 11-3 Therrell 5p"
34,"Georgia",Volleyball,"12-11 Paulding County 1-9 Hiram 5p"
35,"Georgia",Volleyball,"7-13 Mill Creek 6-10 Greater Atlanta Christian 5p"
36,"Georgia",Volleyball,"16-6 Murray County 10-10 Southeast Whitfield 5p"
37,"Georgia",Volleyball,"6-9 LaGrange 9-10 Columbus 5p"
38,"Georgia",Volleyball,"16-14 Loganville 13-7 Clarke Central 5p"
39,"Georgia",Volleyball,"8-15 Winder-Barrow 5-9 Johnson 5p"
40,"Georgia",Volleyball,"1-3 Friendship Christian 0-12 Valor Christian 5p"
41,"Georgia",Volleyball,"5-5 Galloway 10-9-2 Druid Hills 5p"
42,"Georgia",Volleyball,"2-16 Meadowcreek 4-16 Peachtree Ridge 5p"
43,"Georgia",Volleyball,"1-11 Alcovy 8-12 Eastside 5p"
44,"Georgia",Volleyball,"6-9 Callaway 7-4 Central 5p"
45,"Georgia",Volleyball,"15-7 Lumpkin County 3-12F Flowery Branch 5p"
46,"Georgia",Volleyball,"8-13 Darlington 6-10 Allatoona 5p"
47,"Georgia",Volleyball,"16-7 East Forsyth 9-7 North Gwinnett 5p"
48,"Georgia",Volleyball,"8-4 Mt. Zion 4-12 McDonough 5:30p"
49,"Georgia",Volleyball,"10-5 Covenant Christian Academy 9-2 NGCA 5:30p"
50,"Georgia",Volleyball,"5-8 Hapeville Charter 3-5 Creekside 5:30p"
51,"Georgia",Volleyball,"11-12 Pebblebrook 9-8 Jonesboro 5:30p"
52,"Georgia",Volleyball,"18-3 Woodland 1-17 Riverdale 5:30p"
53,"Georgia",Volleyball,"1-7 Covenant Academy 2-5 Gatewood 5:30p"
54,"Georgia",Volleyball,"5-13 Mt. Bethel Christian Academy 12-8 Walker 5:30p"
55,"Georgia",Volleyball,"5-16 Tri-Cities 9-11 Osborne 5:30p"
56,"Georgia",Volleyball,"5-8 Haralson County 12-8 Villa Rica 5:30p"
57,"Georgia",Volleyball,"7-9 Carrollton 16-6 (#17) North Paulding 5:30p"
58,"Georgia",Volleyball,"19-6 Armuchee 6-7 Elite Scholars Academy 5:30p"
59,"Georgia",Volleyball,"8-4 Mt. Zion 6-7 North Clayton 5:30p"
60,"Georgia",Volleyball,"9-5 Hampton 9-19 Fayette County 5:30p"
61,"Georgia",Volleyball,"4-10 Heritage 6-5 Rockdale County 5:30p"
62,"Georgia",Volleyball,"5-8 Redan 4-12-1 Clarkston 5:30p"
63,"Georgia",Volleyball,"11-10 Coosa 10-12 Rockmart 5:30p"
64,"Georgia",Volleyball,"4-5 Holy Spirit Prep 8-11 Atlanta Classical Academy 5:30p"
65,"Georgia",Volleyball,"0-0C Crossroads Christian Academy 2-2 The Stonehaven School 5:45p"
66,"Georgia",Volleyball,"5-14 Social Circle 1-6 Peachtree Academy 6p"
67,"Georgia",Volleyball,"11-6 Denmark 15-5 (#18) Lambert 6p"
68,"Georgia",Volleyball,"0-1 Arlington Christian 1-3F Family Homeschool Alliance 6p"
69,"Georgia",Volleyball,"8-10 North Atlanta 10-9 (#19) Alpharetta 6p"
70,"Georgia",Volleyball,"10-7 South Cobb 1-20 Northview 6p"
71,"Georgia",Volleyball,"5-7 Bethlehem Christian Academy 4-6 Athens Christian 6p"
72,"Georgia",Volleyball,"5-12 Cherokee Bluff 0-11 West Hall 6p"
73,"Georgia",Volleyball,"3-5 Northeast 6-9 Callaway 6p"
74,"Georgia",Volleyball,"1-11 Alcovy 4-13 Columbia 6p"
75,"Georgia",Volleyball,"15-10 Calhoun 9-9 Alexander 6p"
76,"Georgia",Volleyball,"0-3 Georgia School for the Deaf 0-0 Tennessee School for the Deaf 5p"
77,"Georgia",Volleyball,"1-8 Monsignor Donovan Catholic 9-2 Trinity Prep 6p"
78,"Georgia",Volleyball,"9-4 Lamar County 9-8 Jackson 6p"
79,"Georgia",Volleyball,"11-9 South Paulding 4-4 Praise Academy 6p"
80,"Georgia",Volleyball,"6-9 Loganville Christian Academy 4-9 Lakeview Academy 6p"
81,"Georgia",Volleyball,"0-13 Spalding 14-7 Northside 6p"
82,"Georgia",Volleyball,"9-7 Landmark Christian 5-5 Galloway 6p"
83,"Georgia",Volleyball,"12-11 Paulding County 13-5 East Paulding 6p"
84,"Georgia",Volleyball,"7-8 Mountain View 10-14 Walnut Grove 6p"
85,"Georgia",Volleyball,"17-6 (#24) Jackson County 5-10 Oglethorpe County 6p"
86,"Georgia",Volleyball,"5-2 Griffin Christian 0-3 The Campus 6p"
87,"Georgia",Volleyball,"19-1 (#1) Hebron Christian 8-13 Darlington 6p"
88,"Georgia",Volleyball,"6-9 Commerce 17-6 Athens Academy 6p"
89,"Georgia",Volleyball,"17-7 Dunwoody 8-10 Hart County 6p"
90,"Georgia",Volleyball,"0-7 Glenn Hills 4-15 Jasper County 6p"
91,"Georgia",Volleyball,"15-10 Madison County 16-2 Greenbrier 6p"
92,"Georgia",Volleyball,"4-2 Covenant Christian School 0-2 Excel Christian Academy 6p"
93,"Georgia",Volleyball,"17-6 Chamblee 16-7 East Forsyth 6p"
94,"Georgia",Volleyball,"8-8-2 Lakeside 11-4 (#21) Johns Creek 6p"
95,"Georgia",Volleyball,"17-1 Ashville 4-2 Cleburne County 5p"
96,"Georgia",Volleyball,"0-7 Community Christian 12-7 Scholars Guild Academy 6p"
97,"Georgia",Volleyball,"14-3 Brookstone 4-5 Heritage 6p"
98,"Georgia",Volleyball,"2-4 Westminster Christian Academy 7-1 Piedmont Academy 6p"
99,"Georgia",Volleyball,"17-4 Riverwood 9-9 Starr's Mill 6p"
100,"Georgia",Volleyball,"1-20 Northview 5-12 Duluth 6p"
101,"Georgia",Volleyball,"6-9 Horizon Christian Academy 7-5 St. John Bosco Academy 6p"
102,"Georgia",Volleyball,"1-6 Greene County 5-8 Hephzibah 6p"
103,"Georgia",Volleyball,"11-6 Habersham Central 16-14 Loganville 6p"
104,"Georgia",Volleyball,"8-10 East Coweta 7-11 Northgate 6p"
105,"Georgia",Volleyball,"10-9 Whitewater 16-6 Locust Grove 6p"
106,"Georgia",Volleyball,"14-10 South Forsyth 6-17 West Forsyth 6p"
107,"Georgia",Volleyball,"8-15 Winder-Barrow 7-10 Rabun County 6p"
108,"Georgia",Volleyball,"18-2 (#6) North Forsyth 14-5 (#25) Forsyth Central 6p"
109,"Georgia",Volleyball,"6-9 Stockbridge 9-12 Eagle's Landing 6p"
110,"Georgia",Volleyball,"12-8 Tallulah Falls 13-12 George Walton Academy 6p"
111,"Georgia",Volleyball,"2-15 Stephens County 11-9 Pickens 6p"
112,"Georgia",Volleyball,"15-1 Stephenson 0-13 Lithonia 6p"
113,"Georgia",Volleyball,"21-3 (#12) Westminster 13-7 Etowah 6p"
114,"Georgia",Volleyball,"11-12 Sonoraville 17-4 Chattooga 6p"
115,"Georgia",Volleyball,"8-5 Troup County 6-9 LaGrange 6p"
116,"Georgia",Volleyball,"14-8 Ola 7-8 Heard County 6p"
117,"Georgia",Volleyball,"8-10 Lakeview-Fort Oglethorpe 7-17 Gilmer 6p"
118,"Georgia",Volleyball,"2-19 Sprayberry 12-8 Hillgrove 6p"
119,"Georgia",Volleyball,"4-11 Woodland 13-1 Gordon Lee 6p"
120,"Georgia",Volleyball,"0-3 Atlanta Jewish Academy 1-1T The New School 6:15p"
121,"Georgia",Volleyball,"4-2 Hayesville 4-3 Rosman 6:30p"
122,"Georgia",Volleyball,"12-8 Kell 12-4 (#10) Pope 6:30p"
123,"Georgia",Volleyball,"18-3 Woodland 1-14 Sandy Creek 6:30p"
124,"Georgia",Volleyball,"8-1 Pinecrest Academy 4-9 Lanier Christian Academy 6:30p"
125,"Georgia",Volleyball,"10-9 Lassiter 7-13 Rome 6:30p"
126,"Georgia",Volleyball,"1-6 Holy Ground Baptist Academy 8-6 Harvester Christian Academy 6:30p"
127,"Georgia",Volleyball,"1-1 Wadley 3-0 Randolph County 5:30p"
128,"Georgia",Volleyball,"5-4 Konos Academy 7-12 Creekside Christian Academy 6:30p"
129,"Georgia",Volleyball,"2-3 Atlanta International 5-13 Mt. Bethel Christian Academy 6:30p"
130,"Georgia",Volleyball,"5-6 Drew Charter 12-4 Campbell 6:30p"
131,"Georgia",Volleyball,"3-15 Woodstock 13-8 Creekview 6:30p"
132,"Georgia",Volleyball,"3-8 Fulton Science Academy 8-8 Dominion Christian 6:30p"
133,"Georgia",Volleyball,"4-14C Coretta Scott King YWLA 5-5 Banneker 6:30p"
134,"Georgia",Volleyball,"5-16 Tri-Cities 1-6 North Springs 6:30p"
135,"Georgia",Volleyball,"15-2 (#11) Sequoyah 15-8 River Ridge 6:30p"
136,"Georgia",Volleyball,"3-12 Temple 5-8 Taylor County 6:30p"
137,"Georgia",Volleyball,"4-9 Tattnall Square Academy 4-10 Strong Rock Christian 6:30p"
138,"Georgia",Volleyball,"12-6 Rock Springs Christian Academy 4-4 New Creation Christian Academy 6:30p"
139,"Georgia",Volleyball,"7-9 Carrollton 10-2 North Cobb Christian 6:30p"
140,"Georgia",Volleyball,"7-10 Union Grove 19-6 Armuchee 6:30p"
141,"Georgia",Volleyball,"6-9 Commerce 8-8 Banks County 7p"
142,"Georgia",Volleyball,"6-5 St. Mary's Academy 1-10 Northwest Classical Academy 7p"
143,"Georgia",Volleyball,"8-15 Chestatee 15-7 Lumpkin County 7p"
144,"Georgia",Volleyball,"11-6 Habersham Central 13-7 Clarke Central 7p"
145,"Georgia",Volleyball,"13-1 Gordon Lee 11-8 Pepperell 7p"
146,"Georgia",Volleyball,"14-8 Ola 12-8 Upson-Lee 7p"
147,"Georgia",Volleyball,"15-10 Calhoun 15-0 Bremen 7p"
148,"Georgia",Volleyball,"0-7 Rabun Gap-Nacoochee 1-7 Walhalla 7p"
149,"Georgia",Volleyball,"0-14 Cass 11-9 Pickens 7p"
150,"Georgia",Volleyball,"11-12 Sonoraville 5-10 Adairsville 7p"
151,"Georgia",Volleyball,"9-7 Landmark Christian 10-9-2 Druid Hills 7p"
152,"Georgia",Volleyball,"4-15 Jasper County 3-9 Washington-Wilkes 7p"
153,"Georgia",Volleyball,"4-11 Woodland 11-8 Pepperell 7p"
154,"Georgia",Volleyball,"16-6 Murray County 4-16 North Murray 7p"
155,"Georgia",Volleyball,"9-4 Lamar County 3-10 Pike County 7p"
156,"Georgia",Volleyball,"1-10 Mays 0-6 Salem 7p"
157,"Georgia",Volleyball,"5-12 Duluth 4-14 Centennial 7p"
158,"Georgia",Volleyball,"8-12 Newnan 8-10 East Coweta 7p"
159,"Georgia",Volleyball,"0-11 West Hall 8-6 Monroe Area 7p"
160,"Georgia",Volleyball,"12-5 East Jackson 16-8 Oconee County 7p"
161,"Georgia",Volleyball,"10-10 Southeast Whitfield 4-16 North Murray 7p"
162,"Georgia",Volleyball,"15-10 Madison County 14-8 Elbert County 7p"
163,"Georgia",Volleyball,"8-8-2 Lakeside 9-10 Norcross 7p"
164,"Georgia",Volleyball,"10-0 Fideles Christian 10-4 The King's Academy 7p"
165,"Georgia",Volleyball,"8-15 Chestatee 3-12F Flowery Branch 7p"
166,"Georgia",Volleyball,"0-6 Luella 9-5 Hampton 7p"
167,"Georgia",Volleyball,"4-13 Columbia 8-12 Eastside 7p"
168,"Georgia",Volleyball,"5-10 Oglethorpe County 4-13 Cedar Shoals 7p"
169,"Georgia",Volleyball,"10-9 Whitewater 7-8 Dutchtown 7p"
170,"Georgia",Volleyball,"7-10 Rabun County 5-9 Johnson 7p"
171,"Georgia",Volleyball,"10-9 (#19) Alpharetta 7-6 Pace Academy 7p"
172,"Georgia",Volleyball,"17-7 Dunwoody 15-4 Jefferson 7p"
173,"Georgia",Volleyball,"0-13 Spalding 12-7 Houston County 7p"
174,"Georgia",Volleyball,"8-5 Troup County 9-10 Columbus 7p"
175,"Georgia",Volleyball,"17-6 Chamblee 9-7 North Gwinnett 7p"
176,"Georgia",Volleyball,"11-7 Morrow 9-6-2 Decatur 7p"
177,"Georgia",Volleyball,"19-1 (#1) Hebron Christian 6-10 Allatoona 7p"
178,"Georgia",Volleyball,"17-4 Riverwood 15-3 (#9) McIntosh 7p"
179,"Georgia",Volleyball,"10-14 Walnut Grove 10-13 Apalachee 7p"
180,"Georgia",Volleyball,"1-14 Sandy Creek 1-17 Riverdale 7:30p"
181,"Georgia",Volleyball,"6-7 North Clayton 4-12 McDonough 7:30p"
182,"Georgia",Volleyball,"5-5 Banneker 4-5 South Atlanta 7:30p"
183,"Georgia",Volleyball,"1-6 North Springs 9-11 Osborne 7:30p"
184,"Georgia",Volleyball,"11-4 Chapel Hill 12-8 Villa Rica 7:30p"
185,"Georgia",Volleyball,"2-3 Atlanta International 12-8 Walker 7:30p"
186,"Georgia",Volleyball,"2-8 Central Christian 3-2 Ballard Christian 6:30p"
187,"Georgia",Volleyball,"10-2 North Cobb Christian 16-6 (#17) North Paulding 7:30p"
188,"Georgia",Volleyball,"15-8 Model 3-15 Unity Christian 7:30p"
189,"Georgia",Volleyball,"1-2 Notasulga 2-3 Woodland 6:30p"
190,"Georgia",Volleyball,"0-6 Luella 9-19 Fayette County 7:30p"
191,"Georgia",Volleyball,"7-10 Union Grove 6-7 Elite Scholars Academy 7:30p"
192,"Georgia",Volleyball,"6-5-1 Cross Keys 4-12-1 Clarkston 7:30p"
193,"Georgia",Volleyball,"7-8 Dutchtown 16-6 Locust Grove 8p"
194,"Georgia",Volleyball,"8-12 Newnan 7-11 Northgate 8p"
195,"Georgia",Volleyball,"0-0 Oneonta 16-4 North Hall"
196,"Georgia",Volleyball,"3-12 Temple 3-9 Spencer"
197,"Georgia",Volleyball,"5-12 Cherokee Bluff 8-6 Monroe Area"
198,"Georgia",Volleyball,"3-4 Carver 1-11 Douglass"
199,"Georgia",Volleyball,"1-10 Mays 1-11 Douglass"
200,"Georgia",Volleyball,"5-15 Chattahoochee 3-15 Cherokee"
201,"Georgia",Volleyball,"13-5 East Paulding 1-9 Hiram"
202,"Georgia",Volleyball,"3-15 McEachern 4-10 New Manchester"
203,"Georgia",Volleyball,"8-3-1 Arabia Mountain 0-13 Lithonia"
204,"Georgia",Volleyball,"0-14 Cass 2-15 Stephens County"
205,"Georgia",Volleyball,"6-9 Stockbridge 2-14 Griffin"
206,"Georgia",Volleyball,"9-12 Gainesville 11-16 Fannin County"
207,"Georgia",Volleyball,"15-2 (#22) Archer 2-9 Newton"
208,"Georgia",Volleyball,"9-12 Gainesville 12-9 White County"
209,"Georgia",Volleyball,"3-11 KIPP Atlanta Collegiate 6-3 The Weber School"
210,"Georgia",Volleyball,"10-9 Southwest DeKalb 1-12 Mundy's Mill"
211,"Georgia",Volleyball,"7-8 Mountain View 10-13 Apalachee"
212,"Georgia",Volleyball,"5-8 Redan 6-5-1 Cross Keys"
213,"Georgia",Volleyball,"8-3-1 Arabia Mountain 15-1 Stephenson"
214,"Georgia",Volleyball,"12-5 East Jackson 6-9 East Hall"
215,"Georgia",Volleyball,"11-4 Chapel Hill 5-8 Haralson County"
216,"Georgia",Volleyball,"9-11 Douglas County 3-15 McEachern"
217,"Georgia",Volleyball,"1-12 Mundy's Mill 4-18 Forest Park"
218,"Georgia",Volleyball,"2-7 M.L. King 6-8 Miller Grove"
219,"Georgia",Volleyball,"3-8 Cedar Grove 3-10 Stone Mountain"
220,"Georgia",Volleyball,"6-7 Lithia Springs 4-8 Langston Hughes"
221,"Georgia",Volleyball,"1-10 Mays 11-3 Therrell"
222,"Georgia",Volleyball,"4-14C Coretta Scott King YWLA 4-5 South Atlanta"
223,"Georgia",Volleyball,"3-4 Carver 1-10 Mays"
224,"Georgia",Volleyball,"9-11 Douglas County 4-10 New Manchester"
225,"Georgia",Volleyball,"17-6 (#24) Jackson County 4-13 Cedar Shoals"
226,"Georgia",Volleyball,"10-9 Southwest DeKalb 4-18 Forest Park"
227,"Georgia",Volleyball,"11-16 Fannin County 12-9 White County"
228,"Georgia",Volleyball,"Related ScoreboardsState ArizonaCaliforniaColoradoFloridaGeorgiaIdahoIllinoisNew JerseyNew YorkNorth CarolinaOhioPennsylvaniaTexasVirginiaWashington Associations Georgia Association of Private & Parochial SchoolsGeorgia High School AssociationGeorgia Independent Athletic AssociationGeorgia Volleyball Coaches Association Metros Albany, GaAtlantaAugustaMaconSavannah"
229,"Georgia",Volleyball,"Thursday, Sep. 3 3-0 Bishop Moore 4-0 (#4) Orangewood Christian 6p 7-0 (#22) Mother McAuley 5-2 Lincoln-Way East 5p 0-2 Berkeley Prep 7-0 (#21) Calvary Christian 6:30p 10-0 (#3) Assumption 10-3 Providence 7p 3-0 (#10) Harrisburg 1-1 Washington 6:30p 2-4 Avon 10-0 (#25) Hamilton Southeastern 7:30p 1-0 (#11) Torrey Pines 11-0 (#1) Sierra Canyon 5:30p 6-3 Mira Costa 6-0 (#2) Mater Dei 5:45p 1-0 (#13) Cathedral Catholic 6-6 Southeast Career Tech 7p 0-2 Lincoln Christian 6-0 (#15) Norris"
230,"Georgia",Volleyball,"3-0 Bishop Moore 4-0 (#4) Orangewood Christian 6p"
231,"Georgia",Volleyball,"7-0 (#22) Mother McAuley 5-2 Lincoln-Way East 5p"
232,"Georgia",Volleyball,"0-2 Berkeley Prep 7-0 (#21) Calvary Christian 6:30p"
233,"Georgia",Volleyball,"10-0 (#3) Assumption 10-3 Providence 7p"
234,"Georgia",Volleyball,"3-0 (#10) Harrisburg 1-1 Washington 6:30p"
235,"Georgia",Volleyball,"2-4 Avon 10-0 (#25) Hamilton Southeastern 7:30p"
236,"Georgia",Volleyball,"1-0 (#11) Torrey Pines 11-0 (#1) Sierra Canyon 5:30p"
237,"Georgia",Volleyball,"6-3 Mira Costa 6-0 (#2) Mater Dei 5:45p"
238,"Georgia",Volleyball,"1-0 (#13) Cathedral Catholic 6-6 Southeast Career Tech 7p"
239,"Georgia",Volleyball,"0-2 Lincoln Christian 6-0 (#15) Norris"
