No,MatchName,Sport,Region,Date,Time,Game_Info,Relative_Path,Full_URL,Slug_Short,Team1_Mascot,Team2_Mascot,Team1_URL,Team2_URL,Team1_Thumb,Team2_Thumb
1,"Central Catholic Portland vs West Linn",Football,"Oregon",9/4/2026,7:30 PM,"The West Linn varsity football team has a game @ Central Catholic Portland (Oregon).","/or/football/game/central-catholic-portland-vs-west-linn/9-4-2026/?c=362e9479-e8c7-4faa-b00c-ac32557312c6","https://www.maxpreps.com/or/football/game/central-catholic-portland-vs-west-linn/9-4-2026/?c=362e9479-e8c7-4faa-b00c-ac32557312c6",ed2,"Rams","Lions","https://www.maxpreps.com/or/central-catholic-portland/football/","https://www.maxpreps.com/or/west-linn/football/","https://image.maxpreps.io/school-mascot/4/e/e/4ee906ab-2f2a-44cd-be69-d400af6ae216.gif?version=635152847400000000&amp;width=128&amp;height=128&amp;auto=webp&amp;format=pjpg","https://image.maxpreps.io/school-mascot/b/e/9/be93b4ae-76aa-4ada-82c2-43d0e3a15df7.gif?version=638095632000000000&amp;width=128&amp;height=128&amp;auto=webp&amp;format=pjpg"
2,"Casteel Queen Creek Az vs Lake Oswego Or",Football,"Oregon",9/4/2026,7:30 PM,"The Lake Oswego Or varsity football team has a game @ Casteel Queen Creek Az (Oregon).","/inter-state/football/game/casteel-queen-creek-az-vs-lake-oswego-or/9-4-2026/?c=d6a0389e-1165-4fb5-bb25-e8e81024e94c","https://www.maxpreps.com/inter-state/football/game/casteel-queen-creek-az-vs-lake-oswego-or/9-4-2026/?c=d6a0389e-1165-4fb5-bb25-e8e81024e94c",f1a,"Colts","Lakers","https://www.maxpreps.com/or/casteel-queen-creek-az/football/","https://www.maxpreps.com/or/lake-oswego-or/football/","https://image.maxpreps.io/school-mascot/1/c/1/1c175a62-0fc6-44ff-bcb9-a9934eed3ba7.gif?version=639009678088582540&amp;width=128&amp;height=128&amp;auto=webp&amp;format=pjpg","https://image.maxpreps.io/school-mascot/0/8/c/08c744d5-3100-41f4-be2f-9c363051ad81.gif?version=637682863800000000&amp;width=128&amp;height=128&amp;auto=webp&amp;format=pjpg"
3,"Bishop Kelly Boise Id vs Summit Bend Or",Football,"Oregon",9/4/2026,7:30 PM,"The Summit Bend Or varsity football team has a game @ Bishop Kelly Boise Id (Oregon).","/inter-state/football/game/bishop-kelly-boise-id-vs-summit-bend-or/9-4-2026/?c=565401ba-e3b9-4697-8a63-8dd1d9265938","https://www.maxpreps.com/inter-state/football/game/bishop-kelly-boise-id-vs-summit-bend-or/9-4-2026/?c=565401ba-e3b9-4697-8a63-8dd1d9265938",ec2,"Storm","Knights","https://www.maxpreps.com/or/bishop-kelly-boise-id/football/","https://www.maxpreps.com/or/summit-bend-or/football/","https://image.maxpreps.io/school-mascot/5/1/3/5137612d-2fe1-43b9-b0ad-a4c0d142e7be.gif?version=635843457000000000&amp;width=128&amp;height=128&amp;auto=webp&amp;format=pjpg","https://image.maxpreps.io/school-mascot/a/5/0/a504837e-856f-4ba5-a73c-e02b2430ec82.gif?version=635591609400000000&amp;width=128&amp;height=128&amp;auto=webp&amp;format=pjpg"
4,"Joseph vs North Douglas Drain",Football,"Oregon",9/4/2026,7:30 PM,"The North Douglas Drain varsity football team has a game @ Joseph (Oregon).","/or/football/game/joseph-vs-north-douglas-drain/9-4-2026/?c=e961aed9-ac04-42cb-877b-0c6f133c7b9b","https://www.maxpreps.com/or/football/game/joseph-vs-north-douglas-drain/9-4-2026/?c=e961aed9-ac04-42cb-877b-0c6f133c7b9b",b4e,"Eagles","TBD","https://www.maxpreps.com/or/joseph/football/","https://www.maxpreps.com/or/north-douglas-drain/football/","https://image.maxpreps.io/school-mascot/4/8/f/48f0ec1c-cf60-4377-8700-73bfa08e2f46.gif?version=633818976000000000&amp;width=128&amp;height=128&amp;auto=webp&amp;format=pjpg","https://image.maxpreps.io/school-mascot/4/8/f/48f0ec1c-cf60-4377-8700-73bfa08e2f46.gif?version=633818976000000000&amp;width=64&amp;height=64&amp;auto=webp&amp;format=pjpg"
5,"Huntington vs Spray Mitchell Wheeler",Football,"Oregon",9/4/2026,7:30 PM,"The Spray Mitchell Wheeler varsity football team has a game @ Huntington (Oregon).","/or/football/game/huntington-vs-spray-mitchell-wheeler/9-4-2026/?c=088ae7c9-6950-4e07-8c07-f4ed5ed1fed9","https://www.maxpreps.com/or/football/game/huntington-vs-spray-mitchell-wheeler/9-4-2026/?c=088ae7c9-6950-4e07-8c07-f4ed5ed1fed9",e58,"Locomotives","TBD","https://www.maxpreps.com/or/huntington/football/","https://www.maxpreps.com/or/spray-mitchell-wheeler/football/","https://asset.maxpreps.io/includes/images/logos/maxpreps-logo-white-2025.png","https://asset.maxpreps.io/includes/react/play-on-logo.png"
6,"Camas Valley Or vs Lyle Wishram Klickitat Wa",Football,"Oregon",9/4/2026,7:30 PM,"The Lyle Wishram Klickitat Wa varsity football team has a game @ Camas Valley Or (Oregon).","/inter-state/football/game/camas-valley-or-vs-lyle-wishram-klickitat-wa/9-4-2026/?c=4a73fe66-a373-41aa-ad9d-3a7302f8ee44","https://www.maxpreps.com/inter-state/football/game/camas-valley-or-vs-lyle-wishram-klickitat-wa/9-4-2026/?c=4a73fe66-a373-41aa-ad9d-3a7302f8ee44",10e0,"Hornets","TBD","https://www.maxpreps.com/or/camas-valley-or/football/","https://www.maxpreps.com/or/lyle-wishram-klickitat-wa/football/","https://asset.maxpreps.io/includes/images/logos/maxpreps-logo-white-2025.png","https://asset.maxpreps.io/includes/react/play-on-logo.png"
7,"Rainier vs Riverside Boardman",Football,"Oregon",9/4/2026,7:30 PM,"The Riverside Boardman varsity football team has a game @ Rainier (Oregon).","/or/football/game/rainier-vs-riverside-boardman/9-4-2026/?c=d144b2a8-7f86-4c1f-8569-4a04177ef296","https://www.maxpreps.com/or/football/game/rainier-vs-riverside-boardman/9-4-2026/?c=d144b2a8-7f86-4c1f-8569-4a04177ef296",b6b,"Pirates","Columbians","https://www.maxpreps.com/or/rainier/football/","https://www.maxpreps.com/or/riverside-boardman/football/","https://asset.maxpreps.io/includes/images/logos/maxpreps-logo-white-2025.png","https://asset.maxpreps.io/includes/react/play-on-logo.png"
8,"Jordan Valley vs South Wasco County Maupin",Football,"Oregon",9/4/2026,7:30 PM,"The South Wasco County Maupin varsity football team has a game @ Jordan Valley (Oregon).","/or/football/game/jordan-valley-vs-south-wasco-county-maupin/9-4-2026/?c=15b1b6f3-0fbc-4329-9dd1-e8c240803d08","https://www.maxpreps.com/or/football/game/jordan-valley-vs-south-wasco-county-maupin/9-4-2026/?c=15b1b6f3-0fbc-4329-9dd1-e8c240803d08",107e,"Mustangs","Redsides","https://www.maxpreps.com/or/jordan-valley/football/","https://www.maxpreps.com/or/south-wasco-county-maupin/football/","https://image.maxpreps.io/school-mascot/7/3/3/73372892-0414-4df8-95a5-bd900bc76420.gif?version=636794351400000000&amp;width=128&amp;height=128&amp;auto=webp&amp;format=pjpg","https://image.maxpreps.io/school-mascot/7/3/3/73372892-0414-4df8-95a5-bd900bc76420.gif?version=636794351400000000&amp;width=64&amp;height=64&amp;auto=webp&amp;format=pjpg"
9,"Eagle Point vs Mckay Salem",Football,"Oregon",9/4/2026,7:30 PM,"The Mckay Salem varsity football team has a game @ Eagle Point (Oregon).","/or/football/game/eagle-point-vs-mckay-salem/9-4-2026/?c=fd1a2fa1-cdc2-4261-a3e9-ee493d4d3b67","https://www.maxpreps.com/or/football/game/eagle-point-vs-mckay-salem/9-4-2026/?c=fd1a2fa1-cdc2-4261-a3e9-ee493d4d3b67",9ec,"Eagles","Royal Scots","https://www.maxpreps.com/or/eagle-point/football/","https://www.maxpreps.com/or/mckay-salem/football/","https://image.maxpreps.io/school-mascot/3/a/d/3add4654-1422-4316-9df7-7b36cdf43e18.gif?version=635440585800000000&amp;width=128&amp;height=128&amp;auto=webp&amp;format=pjpg","https://image.maxpreps.io/school-mascot/3/3/8/338017fa-ff00-4c03-a3e8-6193405f3641.gif?version=635895001200000000&amp;width=128&amp;height=128&amp;auto=webp&amp;format=pjpg"
10,"Astoria vs North Bend",Football,"Oregon",9/4/2026,7:30 PM,"The North Bend varsity football team has a game @ Astoria (Oregon).","/or/football/game/astoria-vs-north-bend/9-4-2026/?c=5e28e817-e749-47c8-a3d0-5b8b106e2ea0","https://www.maxpreps.com/or/football/game/astoria-vs-north-bend/9-4-2026/?c=5e28e817-e749-47c8-a3d0-5b8b106e2ea0",827,"Fishermen","Bulldogs","https://www.maxpreps.com/or/astoria/football/","https://www.maxpreps.com/or/north-bend/football/","https://image.maxpreps.io/school-mascot/7/4/1/74198bf9-b875-4544-a4b2-983f43132be6.gif?version=636755555400000000&amp;width=128&amp;height=128&amp;auto=webp&amp;format=pjpg","https://image.maxpreps.io/school-mascot/7/4/1/74198bf9-b875-4544-a4b2-983f43132be6.gif?version=636755555400000000&amp;width=64&amp;height=64&amp;auto=webp&amp;format=pjpg"
11,"Condon vs Wallowa",Football,"Oregon",9/4/2026,7:30 PM,"The Wallowa varsity football team has a game @ Condon (Oregon).","/or/football/game/condon-vs-wallowa/9-4-2026/?c=19496447-6c7c-41bd-8034-10e24a320289","https://www.maxpreps.com/or/football/game/condon-vs-wallowa/9-4-2026/?c=19496447-6c7c-41bd-8034-10e24a320289",6bb,"Cougars","Knights","https://www.maxpreps.com/or/condon/football/","https://www.maxpreps.com/or/wallowa/football/","https://asset.maxpreps.io/includes/images/logos/maxpreps-logo-white-2025.png","https://asset.maxpreps.io/includes/react/play-on-logo.png"
12,"Estacada vs La Grande",Football,"Oregon",9/4/2026,7:30 PM,"The La Grande varsity football team has a game @ Estacada (Oregon).","/or/football/game/estacada-vs-la-grande/9-4-2026/?c=202d905e-d484-43d8-99a1-e65b6249de79","https://www.maxpreps.com/or/football/game/estacada-vs-la-grande/9-4-2026/?c=202d905e-d484-43d8-99a1-e65b6249de79",7e4,"Tigers","Rangers","https://www.maxpreps.com/or/estacada/football/","https://www.maxpreps.com/or/la-grande/football/","https://image.maxpreps.io/school-mascot/8/7/8/878aaaff-6798-433b-b5d1-2f6439368a64.gif?version=636323854200000000&amp;width=128&amp;height=128&amp;auto=webp&amp;format=pjpg","https://image.maxpreps.io/school-mascot/5/f/3/5f3c903c-6796-415a-aa6d-5bae9edb459f.gif?version=634933351200000000&amp;width=128&amp;height=128&amp;auto=webp&amp;format=pjpg"
13,"Council Id vs Crane Or",Football,"Oregon",9/4/2026,7:30 PM,"The Crane Or varsity football team has a game @ Council Id (Oregon).","/inter-state/football/game/council-id-vs-crane-or/9-4-2026/?c=15e09a03-83f2-4e52-af01-8337fb506e79","https://www.maxpreps.com/inter-state/football/game/council-id-vs-crane-or/9-4-2026/?c=15e09a03-83f2-4e52-af01-8337fb506e79",841,"Mustangs","Lumberjacks","https://www.maxpreps.com/or/council-id/football/","https://www.maxpreps.com/or/crane-or/football/","https://image.maxpreps.io/school-mascot/2/e/b/2ebe7022-1aef-47bd-8e6d-8d2c87bb475c.gif?version=635145662400000000&amp;width=128&amp;height=128&amp;auto=webp&amp;format=pjpg","https://image.maxpreps.io/school-mascot/2/e/b/2ebe7022-1aef-47bd-8e6d-8d2c87bb475c.gif?version=635145662400000000&amp;width=64&amp;height=64&amp;auto=webp&amp;format=pjpg"
14,"Aloha Beaverton vs Lebanon",Football,"Oregon",9/4/2026,7:30 PM,"The Lebanon varsity football team has a game @ Aloha Beaverton (Oregon).","/or/football/game/aloha-beaverton-vs-lebanon/9-4-2026/?c=a0d734c0-5846-473f-bf53-6613d84291f9","https://www.maxpreps.com/or/football/game/aloha-beaverton-vs-lebanon/9-4-2026/?c=a0d734c0-5846-473f-bf53-6613d84291f9",a1a,"Warriors","Warriors","https://www.maxpreps.com/or/aloha-beaverton/football/","https://www.maxpreps.com/or/lebanon/football/","https://image.maxpreps.io/school-mascot/2/9/6/2969256f-8480-4272-a881-6dbfb09bfcf3.gif?version=637527031800000000&amp;width=128&amp;height=128&amp;auto=webp&amp;format=pjpg","https://image.maxpreps.io/school-mascot/f/c/8/fc843de6-0460-4d37-a472-5a3d90861f70.gif?version=637036383000000000&amp;width=128&amp;height=128&amp;auto=webp&amp;format=pjpg"
15,"Cascade Christian Medford vs Scappoose",Football,"Oregon",9/4/2026,7:30 PM,"The Scappoose varsity football team has a game @ Cascade Christian Medford (Oregon).","/or/football/game/cascade-christian-medford-vs-scappoose/9-4-2026/?c=0506bb51-907e-4684-bcee-0c36797dafc6","https://www.maxpreps.com/or/football/game/cascade-christian-medford-vs-scappoose/9-4-2026/?c=0506bb51-907e-4684-bcee-0c36797dafc6",ed4,"Indians","Challengers","https://www.maxpreps.com/or/cascade-christian-medford/football/","https://www.maxpreps.com/or/scappoose/football/","https://image.maxpreps.io/school-mascot/8/8/8/8885d532-154d-4eb5-8060-ab1368b07096.gif?version=636253580400000000&amp;width=128&amp;height=128&amp;auto=webp&amp;format=pjpg","https://image.maxpreps.io/school-mascot/5/4/c/54c0510f-0be0-434c-aed6-e78e4c9eea15.gif?version=636464269200000000&amp;width=128&amp;height=128&amp;auto=webp&amp;format=pjpg"
16,"Sherwood vs Tualatin",Football,"Oregon",9/4/2026,7:30 PM,"The Tualatin varsity football team has a game @ Sherwood (Oregon).","/or/football/game/sherwood-vs-tualatin/9-4-2026/?c=6a2e365e-42e0-46de-8b18-3ad40ce8254d","https://www.maxpreps.com/or/football/game/sherwood-vs-tualatin/9-4-2026/?c=6a2e365e-42e0-46de-8b18-3ad40ce8254d",810,"Timberwolves","Bowmen","https://www.maxpreps.com/or/sherwood/football/","https://www.maxpreps.com/or/tualatin/football/","https://image.maxpreps.io/school-mascot/6/8/6/686f65bf-fe26-47ab-b59e-6f13577beef6.gif?version=635313448800000000&amp;width=128&amp;height=128&amp;auto=webp&amp;format=pjpg","https://image.maxpreps.io/school-mascot/e/b/9/eb927a93-cdfb-4d78-8f5c-99fb9ceb3a79.gif?version=633698248800000000&amp;width=128&amp;height=128&amp;auto=webp&amp;format=pjpg"
17,"Crater Central Point vs Ridgeview Redmond",Football,"Oregon",9/4/2026,7:30 PM,"The Ridgeview Redmond varsity football team has a game @ Crater Central Point (Oregon).","/or/football/game/crater-central-point-vs-ridgeview-redmond/9-4-2026/?c=1e099613-b886-4416-9a40-5fc460a63cc3","https://www.maxpreps.com/or/football/game/crater-central-point-vs-ridgeview-redmond/9-4-2026/?c=1e099613-b886-4416-9a40-5fc460a63cc3",100d,"Comets","Ravens","https://www.maxpreps.com/or/crater-central-point/football/","https://www.maxpreps.com/or/ridgeview-redmond/football/","https://image.maxpreps.io/school-mascot/4/7/e/47edf6db-4d05-4c54-9ea3-3314167cb893.gif?version=634732785600000000&amp;width=128&amp;height=128&amp;auto=webp&amp;format=pjpg","https://image.maxpreps.io/school-mascot/d/6/f/d6f0e5c1-4deb-4819-8421-52adf1c1f698.gif?version=637854374400000000&amp;width=128&amp;height=128&amp;auto=webp&amp;format=pjpg"
18,"Central Linn Halsey vs Sheridan",Football,"Oregon",9/4/2026,7:30 PM,"The Sheridan varsity football team has a game @ Central Linn Halsey (Oregon).","/or/football/game/central-linn-halsey-vs-sheridan/9-4-2026/?c=2ff2eaef-23c7-485f-8d37-63033383b534","https://www.maxpreps.com/or/football/game/central-linn-halsey-vs-sheridan/9-4-2026/?c=2ff2eaef-23c7-485f-8d37-63033383b534",c0b,"Cobras","Spartans","https://www.maxpreps.com/or/central-linn-halsey/football/","https://www.maxpreps.com/or/sheridan/football/","https://image.maxpreps.io/school-mascot/d/3/9/d39e113a-ab75-4675-ab60-e962f94b60d2.gif?version=636425326200000000&amp;width=128&amp;height=128&amp;auto=webp&amp;format=pjpg","https://image.maxpreps.io/school-mascot/5/2/7/527417e5-997c-4b1a-82e2-a628081fbeb7.gif?version=636725227200000000&amp;width=128&amp;height=128&amp;auto=webp&amp;format=pjpg"
19,"Dayton vs Salem Academy",Football,"Oregon",9/4/2026,7:30 PM,"The Salem Academy varsity football team has a game @ Dayton (Oregon).","/or/football/game/dayton-vs-salem-academy/9-4-2026/?c=0c1500f0-75e4-4806-a7d0-5418bd572983","https://www.maxpreps.com/or/football/game/dayton-vs-salem-academy/9-4-2026/?c=0c1500f0-75e4-4806-a7d0-5418bd572983",8e5,"Crusaders","Pirates","https://www.maxpreps.com/or/dayton/football/","https://www.maxpreps.com/or/salem-academy/football/","https://image.maxpreps.io/school-mascot/e/6/7/e672394b-09b9-498f-b498-37faa45434a0.gif?version=636754671000000000&amp;width=128&amp;height=128&amp;auto=webp&amp;format=pjpg","https://image.maxpreps.io/school-mascot/7/7/2/7729e9b7-b1a1-41e1-ad18-61319dee0aa5.gif?version=636237917400000000&amp;width=128&amp;height=128&amp;auto=webp&amp;format=pjpg"
20,"Caldera Bend vs Sprague Salem",Football,"Oregon",9/4/2026,7:30 PM,"The Sprague Salem varsity football team has a game @ Caldera Bend (Oregon).","/or/football/game/caldera-bend-vs-sprague-salem/9-4-2026/?c=b2af4889-2b63-4406-85e4-7d4644077ea9","https://www.maxpreps.com/or/football/game/caldera-bend-vs-sprague-salem/9-4-2026/?c=b2af4889-2b63-4406-85e4-7d4644077ea9",b0b,"Olympians","TBD","https://www.maxpreps.com/or/caldera-bend/football/","https://www.maxpreps.com/or/sprague-salem/football/","https://image.maxpreps.io/school-mascot/4/8/c/48c10f5d-454e-4198-bb97-dfbe636e9ab0.gif?version=636053774400000000&amp;width=128&amp;height=128&amp;auto=webp&amp;format=pjpg","https://image.maxpreps.io/school-mascot/4/8/c/48c10f5d-454e-4198-bb97-dfbe636e9ab0.gif?version=636053774400000000&amp;width=64&amp;height=64&amp;auto=webp&amp;format=pjpg"
21,"Glencoe Hillsboro vs Mountainside Beaverton",Football,"Oregon",9/4/2026,7:30 PM,"The Mountainside Beaverton varsity football team has a game @ Glencoe Hillsboro (Oregon).","/or/football/game/glencoe-hillsboro-vs-mountainside-beaverton/9-4-2026/?c=8245f0cd-12cd-41a0-b5dd-04ab1e2ab4f8","https://www.maxpreps.com/or/football/game/glencoe-hillsboro-vs-mountainside-beaverton/9-4-2026/?c=8245f0cd-12cd-41a0-b5dd-04ab1e2ab4f8",111e,"Tide","Mavericks","https://www.maxpreps.com/or/glencoe-hillsboro/football/","https://www.maxpreps.com/or/mountainside-beaverton/football/","https://image.maxpreps.io/school-mascot/5/1/c/51c43ac7-0378-4385-a2e0-703341036a30.gif?version=636483198600000000&amp;width=128&amp;height=128&amp;auto=webp&amp;format=pjpg","https://image.maxpreps.io/school-mascot/d/1/1/d1107566-740b-4cd8-b07b-627a97bbb304.gif?version=636691380000000000&amp;width=128&amp;height=128&amp;auto=webp&amp;format=pjpg"
22,"Crook County Prineville vs Henley Klamath Falls",Football,"Oregon",9/4/2026,7:30 PM,"The Henley Klamath Falls varsity football team has a game @ Crook County Prineville (Oregon).","/or/football/game/crook-county-prineville-vs-henley-klamath-falls/9-4-2026/?c=0bd23cd4-ff4b-427f-97f6-c2be6f9b4c86","https://www.maxpreps.com/or/football/game/crook-county-prineville-vs-henley-klamath-falls/9-4-2026/?c=0bd23cd4-ff4b-427f-97f6-c2be6f9b4c86",126a,"Cowboys","Hornets","https://www.maxpreps.com/or/crook-county-prineville/football/","https://www.maxpreps.com/or/henley-klamath-falls/football/","https://image.maxpreps.io/school-mascot/7/2/5/7255c218-ee18-4d26-97ff-28ce3b01e3a3.gif?version=636692478600000000&amp;width=128&amp;height=128&amp;auto=webp&amp;format=pjpg","https://image.maxpreps.io/school-mascot/7/2/5/7255c218-ee18-4d26-97ff-28ce3b01e3a3.gif?version=636692478600000000&amp;width=64&amp;height=64&amp;auto=webp&amp;format=pjpg"
23,"Phoenix vs South Eugene",Football,"Oregon",9/4/2026,7:30 PM,"The South Eugene varsity football team has a game @ Phoenix (Oregon).","/or/football/game/phoenix-vs-south-eugene/9-4-2026/?c=2e0e4652-2e2d-4bfb-b51a-b10e58b9a291","https://www.maxpreps.com/or/football/game/phoenix-vs-south-eugene/9-4-2026/?c=2e0e4652-2e2d-4bfb-b51a-b10e58b9a291",917,"Pirates","Axe","https://www.maxpreps.com/or/phoenix/football/","https://www.maxpreps.com/or/south-eugene/football/","https://image.maxpreps.io/school-mascot/e/0/7/e07f582e-503f-4b84-a89a-a0d3d07fade2.gif?version=635307376800000000&amp;width=128&amp;height=128&amp;auto=webp&amp;format=pjpg","https://image.maxpreps.io/school-mascot/7/2/6/726962d7-ad59-4c20-a8b3-a5fae2f56b65.gif?version=635836097400000000&amp;width=128&amp;height=128&amp;auto=webp&amp;format=pjpg"
24,"Marist Eugene vs Stayton",Football,"Oregon",9/4/2026,7:30 PM,"The Stayton varsity football team has a game @ Marist Eugene (Oregon).","/or/football/game/marist-eugene-vs-stayton/9-4-2026/?c=34446712-9592-4d7b-aaff-b1eeaf2154ba","https://www.maxpreps.com/or/football/game/marist-eugene-vs-stayton/9-4-2026/?c=34446712-9592-4d7b-aaff-b1eeaf2154ba",98b,"Spartans","Eagles","https://www.maxpreps.com/or/marist-eugene/football/","https://www.maxpreps.com/or/stayton/football/","https://image.maxpreps.io/school-mascot/5/c/f/5cf09730-ab81-41c7-ac64-437950cf4fcc.gif?version=635464620600000000&amp;width=128&amp;height=128&amp;auto=webp&amp;format=pjpg","https://image.maxpreps.io/school-mascot/5/4/7/547c9602-50ab-4294-924e-c140fcc53627.gif?version=633876718800000000&amp;width=128&amp;height=128&amp;auto=webp&amp;format=pjpg"
25,"Sweet Home vs Tillamook",Football,"Oregon",9/4/2026,7:30 PM,"The Tillamook varsity football team has a game @ Sweet Home (Oregon).","/or/football/game/sweet-home-vs-tillamook/9-4-2026/?c=9a6b6e82-1def-48d5-a906-a4bc22f3b731","https://www.maxpreps.com/or/football/game/sweet-home-vs-tillamook/9-4-2026/?c=9a6b6e82-1def-48d5-a906-a4bc22f3b731",90d,"Cheesemakers","Huskies","https://www.maxpreps.com/or/sweet-home/football/","https://www.maxpreps.com/or/tillamook/football/","https://image.maxpreps.io/school-mascot/c/7/7/c7783179-cd8b-483c-b0b0-903018e3b646.gif?version=635769645000000000&amp;width=128&amp;height=128&amp;auto=webp&amp;format=pjpg","https://image.maxpreps.io/school-mascot/4/f/3/4f300238-8774-446f-b72a-0d04a4d6a628.gif?version=634007323200000000&amp;width=128&amp;height=128&amp;auto=webp&amp;format=pjpg"
26,"Centennial Gresham vs The Dalles",Football,"Oregon",9/4/2026,7:30 PM,"The The Dalles varsity football team has a game @ Centennial Gresham (Oregon).","/or/football/game/centennial-gresham-vs-the-dalles/9-4-2026/?c=1d4b5ca1-12da-4db2-bc5d-fc313312162d","https://www.maxpreps.com/or/football/game/centennial-gresham-vs-the-dalles/9-4-2026/?c=1d4b5ca1-12da-4db2-bc5d-fc313312162d",c5b,"Eagles","Riverhawks","https://www.maxpreps.com/or/centennial-gresham/football/","https://www.maxpreps.com/or/the-dalles/football/","https://image.maxpreps.io/school-mascot/f/f/1/ff14428f-eb93-4f95-9a56-1065d158e9f2.gif?version=636180822000000000&amp;width=128&amp;height=128&amp;auto=webp&amp;format=pjpg","https://image.maxpreps.io/school-mascot/7/6/4/7647a493-1ab1-49a0-aef2-52e4a17cd38c.gif?version=635488101000000000&amp;width=128&amp;height=128&amp;auto=webp&amp;format=pjpg"
27,"Douglas Winston vs Hidden Valley Grants Pass",Football,"Oregon",9/4/2026,7:30 PM,"The Hidden Valley Grants Pass varsity football team has a game @ Douglas Winston (Oregon).","/or/football/game/douglas-winston-vs-hidden-valley-grants-pass/9-4-2026/?c=b246a719-5fb5-428a-943c-3a3b08dbdc50","https://www.maxpreps.com/or/football/game/douglas-winston-vs-hidden-valley-grants-pass/9-4-2026/?c=b246a719-5fb5-428a-943c-3a3b08dbdc50",1137,"Trojans","Mustangs","https://www.maxpreps.com/or/douglas-winston/football/","https://www.maxpreps.com/or/hidden-valley-grants-pass/football/","https://image.maxpreps.io/school-mascot/e/8/6/e86a8d84-d5e4-4581-9c3c-1191217b0310.gif?version=634252014600000000&amp;width=128&amp;height=128&amp;auto=webp&amp;format=pjpg","https://image.maxpreps.io/school-mascot/7/2/a/72a6c320-4d18-414a-a824-dc463021fe10.gif?version=636421821000000000&amp;width=128&amp;height=128&amp;auto=webp&amp;format=pjpg"
28,"South Medford vs Tigard",Football,"Oregon",9/4/2026,7:30 PM,"The Tigard varsity football team has a game @ South Medford (Oregon).","/or/football/game/south-medford-vs-tigard/9-4-2026/?c=f4ec4fa6-0d9c-450d-bb2d-78479bbffc2c","https://www.maxpreps.com/or/football/game/south-medford-vs-tigard/9-4-2026/?c=f4ec4fa6-0d9c-450d-bb2d-78479bbffc2c",8ff,"Tigers","Panthers","https://www.maxpreps.com/or/south-medford/football/","https://www.maxpreps.com/or/tigard/football/","https://image.maxpreps.io/school-mascot/e/b/5/eb575a7f-6b3c-4d40-8ed0-2a90d88d150f.gif?version=636090037800000000&amp;width=128&amp;height=128&amp;auto=webp&amp;format=pjpg","https://image.maxpreps.io/school-mascot/6/b/7/6b7b3057-f03f-4c3c-9d19-35a328320052.gif?version=636393656400000000&amp;width=128&amp;height=128&amp;auto=webp&amp;format=pjpg"
29,"Bonanza vs Lost River Merrill",Football,"Oregon",9/4/2026,7:30 PM,"The Lost River Merrill varsity football team has a game @ Bonanza (Oregon).","/or/football/game/bonanza-vs-lost-river-merrill/9-4-2026/?c=503dcde5-b134-494a-87b2-ea39aef92be6","https://www.maxpreps.com/or/football/game/bonanza-vs-lost-river-merrill/9-4-2026/?c=503dcde5-b134-494a-87b2-ea39aef92be6",b67,"Raiders","Antlers","https://www.maxpreps.com/or/bonanza/football/","https://www.maxpreps.com/or/lost-river-merrill/football/","https://image.maxpreps.io/school-mascot/e/6/3/e63ffa85-5c2b-459c-91e0-554da74f4d02.gif?version=636555744600000000&amp;width=128&amp;height=128&amp;auto=webp&amp;format=pjpg","https://image.maxpreps.io/school-mascot/5/e/b/5ebd9966-60aa-472d-aa4f-564ff7d01c0f.gif?version=634595402400000000&amp;width=128&amp;height=128&amp;auto=webp&amp;format=pjpg"
30,"Blanchet Catholic Salem vs Mcloughlin Milton Freewater",Football,"Oregon",9/4/2026,7:30 PM,"The Mcloughlin Milton Freewater varsity football team has a game @ Blanchet Catholic Salem (Oregon).","/or/football/game/blanchet-catholic-salem-vs-mcloughlin-milton-freewater/9-4-2026/?c=83b336c2-3810-4c98-9ed8-09d83f384e93","https://www.maxpreps.com/or/football/game/blanchet-catholic-salem-vs-mcloughlin-milton-freewater/9-4-2026/?c=83b336c2-3810-4c98-9ed8-09d83f384e93",151b,"Pioneers","Cavaliers","https://www.maxpreps.com/or/blanchet-catholic-salem/football/","https://www.maxpreps.com/or/mcloughlin-milton-freewater/football/","https://image.maxpreps.io/school-mascot/4/c/a/4cabf5eb-a641-4e8e-a215-7fa5d7f37811.gif?version=633729115800000000&amp;width=128&amp;height=128&amp;auto=webp&amp;format=pjpg","https://image.maxpreps.io/school-mascot/4/c/a/4cabf5eb-a641-4e8e-a215-7fa5d7f37811.gif?version=633729115800000000&amp;width=64&amp;height=64&amp;auto=webp&amp;format=pjpg"
31,"Clackamas vs Oregon City",Football,"Oregon",9/4/2026,7:30 PM,"The Oregon City varsity football team has a game @ Clackamas (Oregon).","/or/football/game/clackamas-vs-oregon-city/9-4-2026/?c=f9fea7e4-6ea7-4260-aefc-845659d64897","https://www.maxpreps.com/or/football/game/clackamas-vs-oregon-city/9-4-2026/?c=f9fea7e4-6ea7-4260-aefc-845659d64897",953,"Pioneers","Cavaliers","https://www.maxpreps.com/or/clackamas/football/","https://www.maxpreps.com/or/oregon-city/football/","https://image.maxpreps.io/school-mascot/c/6/8/c686e169-617c-4d23-aff4-9046b7a67659.gif?version=635300346600000000&amp;width=128&amp;height=128&amp;auto=webp&amp;format=pjpg","https://image.maxpreps.io/school-mascot/6/1/c/61c8cf26-2312-4d58-af4f-15fdd4a74b33.gif?version=634823080200000000&amp;width=128&amp;height=128&amp;auto=webp&amp;format=pjpg"
32,"Junction City vs Seaside",Football,"Oregon",9/4/2026,7:30 PM,"The Seaside varsity football team has a game @ Junction City (Oregon).","/or/football/game/junction-city-vs-seaside/9-4-2026/?c=c034a087-6d6a-4491-808f-57ccd5e64dad","https://www.maxpreps.com/or/football/game/junction-city-vs-seaside/9-4-2026/?c=c034a087-6d6a-4491-808f-57ccd5e64dad",971,"Seagulls","Tigers","https://www.maxpreps.com/or/junction-city/football/","https://www.maxpreps.com/or/seaside/football/","https://asset.maxpreps.io/includes/images/logos/maxpreps-logo-white-2025.png","https://asset.maxpreps.io/includes/react/play-on-logo.png"
33,"Culver vs Weston Mcewen Athena",Football,"Oregon",9/4/2026,7:30 PM,"The Weston Mcewen Athena varsity football team has a game @ Culver (Oregon).","/or/football/game/culver-vs-weston-mcewen-athena/9-4-2026/?c=11446de4-8c48-4667-a110-404b8d74051d","https://www.maxpreps.com/or/football/game/culver-vs-weston-mcewen-athena/9-4-2026/?c=11446de4-8c48-4667-a110-404b8d74051d",bbe,"Bulldogs","TigerScots","https://www.maxpreps.com/or/culver/football/","https://www.maxpreps.com/or/weston-mcewen-athena/football/","https://image.maxpreps.io/school-mascot/d/5/f/d5fe55b4-d45f-4bc2-92b4-25e4f8c1c335.gif?version=638947511675679900&amp;width=128&amp;height=128&amp;auto=webp&amp;format=pjpg","https://image.maxpreps.io/school-mascot/f/c/a/fca06004-6b29-4e63-a2b6-05f955cebd40.gif?version=635969157000000000&amp;width=128&amp;height=128&amp;auto=webp&amp;format=pjpg"
34,"Scio vs Warrenton",Football,"Oregon",9/4/2026,7:30 PM,"The Warrenton varsity football team has a game @ Scio (Oregon).","/or/football/game/scio-vs-warrenton/9-4-2026/?c=605b53f9-73a1-48c4-a1d7-dc6ba3ac48cb","https://www.maxpreps.com/or/football/game/scio-vs-warrenton/9-4-2026/?c=605b53f9-73a1-48c4-a1d7-dc6ba3ac48cb",6d1,"Warriors","Loggers","https://www.maxpreps.com/or/scio/football/","https://www.maxpreps.com/or/warrenton/football/","https://image.maxpreps.io/school-mascot/f/9/2/f922d9d9-0b3e-4ee8-b34c-c274062ad797.gif?version=638645837246671890&amp;width=128&amp;height=128&amp;auto=webp&amp;format=pjpg","https://image.maxpreps.io/school-mascot/f/9/2/f922d9d9-0b3e-4ee8-b34c-c274062ad797.gif?version=638645837246671890&amp;width=64&amp;height=64&amp;auto=webp&amp;format=pjpg"
35,"Lakeridge Lake Oswego vs Newberg",Football,"Oregon",9/4/2026,7:30 PM,"The Newberg varsity football team has a game @ Lakeridge Lake Oswego (Oregon).","/or/football/game/lakeridge-lake-oswego-vs-newberg/9-4-2026/?c=411a492e-d5f4-4c8f-8b48-f82f98afd9ee","https://www.maxpreps.com/or/football/game/lakeridge-lake-oswego-vs-newberg/9-4-2026/?c=411a492e-d5f4-4c8f-8b48-f82f98afd9ee",c60,"Pacers","Tigers","https://www.maxpreps.com/or/lakeridge-lake-oswego/football/","https://www.maxpreps.com/or/newberg/football/","https://image.maxpreps.io/school-mascot/e/4/1/e410e41c-dc47-4765-aeee-07d0464866de.gif?version=635344504200000000&amp;width=128&amp;height=128&amp;auto=webp&amp;format=pjpg","https://image.maxpreps.io/school-mascot/c/8/3/c8340346-9d3d-4253-9282-ec7bed57e41d.gif?version=635451841200000000&amp;width=128&amp;height=128&amp;auto=webp&amp;format=pjpg"
36,"Churchill Eugene vs Liberty Hillsboro",Football,"Oregon",9/4/2026,7:30 PM,"The Liberty Hillsboro varsity football team has a game @ Churchill Eugene (Oregon).","/or/football/game/churchill-eugene-vs-liberty-hillsboro/9-4-2026/?c=712a2699-3bba-4912-919d-820b7cbb90f6","https://www.maxpreps.com/or/football/game/churchill-eugene-vs-liberty-hillsboro/9-4-2026/?c=712a2699-3bba-4912-919d-820b7cbb90f6",e9d,"Falcons","Lancers","https://www.maxpreps.com/or/churchill-eugene/football/","https://www.maxpreps.com/or/liberty-hillsboro/football/","https://image.maxpreps.io/school-mascot/d/1/e/d1e9982b-d0fe-4e56-a3bd-0f4fe4db2b9d.gif?version=634986955200000000&amp;width=128&amp;height=128&amp;auto=webp&amp;format=pjpg","https://image.maxpreps.io/school-mascot/8/e/1/8e18086e-39d9-4e89-81a4-cc2928c99c7e.gif?version=635760118800000000&amp;width=128&amp;height=128&amp;auto=webp&amp;format=pjpg"
37,"Ashland Or vs Del Norte Crescent City Ca",Football,"Oregon",9/4/2026,7:30 PM,"The Del Norte Crescent City Ca varsity football team has a game @ Ashland Or (Oregon).","/inter-state/football/game/ashland-or-vs-del-norte-crescent-city-ca/9-4-2026/?c=b822367c-0ed6-462f-ae13-c9d1883cbad1","https://www.maxpreps.com/inter-state/football/game/ashland-or-vs-del-norte-crescent-city-ca/9-4-2026/?c=b822367c-0ed6-462f-ae13-c9d1883cbad1",f11,"Grizzlies","Warriors","https://www.maxpreps.com/or/ashland-or/football/","https://www.maxpreps.com/or/del-norte-crescent-city-ca/football/","https://image.maxpreps.io/school-mascot/8/0/4/8047def8-6d79-4970-8fb1-cabb72a1598a.gif?version=635452453200000000&amp;width=128&amp;height=128&amp;auto=webp&amp;format=pjpg","https://image.maxpreps.io/school-mascot/8/3/9/8396a0d3-8021-458d-b592-a5cb2c4a366d.gif?version=635202556800000000&amp;width=128&amp;height=128&amp;auto=webp&amp;format=pjpg"
38,"Crow Eugene vs Falls City",Football,"Oregon",9/4/2026,7:30 PM,"The Falls City varsity football team has a game @ Crow Eugene (Oregon).","/or/football/game/crow-eugene-vs-falls-city/9-4-2026/?c=538db206-250a-4ccd-a2c2-8a1d2aee8b6b","https://www.maxpreps.com/or/football/game/crow-eugene-vs-falls-city/9-4-2026/?c=538db206-250a-4ccd-a2c2-8a1d2aee8b6b",99c,"Mountaineers","Cougars","https://www.maxpreps.com/or/crow-eugene/football/","https://www.maxpreps.com/or/falls-city/football/","https://asset.maxpreps.io/includes/images/logos/maxpreps-logo-white-2025.png","https://asset.maxpreps.io/includes/react/play-on-logo.png"
39,"Nestucca Cloverdale vs Toledo",Football,"Oregon",9/4/2026,7:30 PM,"The Toledo varsity football team has a game @ Nestucca Cloverdale (Oregon).","/or/football/game/nestucca-cloverdale-vs-toledo/9-4-2026/?c=3f9b0a9f-3e0f-493d-9dd1-e3d08190c005","https://www.maxpreps.com/or/football/game/nestucca-cloverdale-vs-toledo/9-4-2026/?c=3f9b0a9f-3e0f-493d-9dd1-e3d08190c005",b6e,"Bobcats","Boomers","https://www.maxpreps.com/or/nestucca-cloverdale/football/","https://www.maxpreps.com/or/toledo/football/","https://image.maxpreps.io/school-mascot/8/f/9/8f97869b-957e-4b92-b273-8a4eb337e951.gif?version=636410640600000000&amp;width=128&amp;height=128&amp;auto=webp&amp;format=pjpg","https://image.maxpreps.io/school-mascot/d/a/c/dac9a317-607d-46e4-ba3a-c8d7b30b814c.gif?version=634343304000000000&amp;width=128&amp;height=128&amp;auto=webp&amp;format=pjpg"
40,"Neah Kah Nie Rockaway Beach vs Oakridge",Football,"Oregon",9/4/2026,7:30 PM,"The Oakridge varsity football team has a game @ Neah Kah Nie Rockaway Beach (Oregon).","/or/football/game/neah-kah-nie-rockaway-beach-vs-oakridge/9-4-2026/?c=545e388a-d31d-4069-b37e-fcf66b8aa6e4","https://www.maxpreps.com/or/football/game/neah-kah-nie-rockaway-beach-vs-oakridge/9-4-2026/?c=545e388a-d31d-4069-b37e-fcf66b8aa6e4",e9d,"Pirates","Warriors","https://www.maxpreps.com/or/neah-kah-nie-rockaway-beach/football/","https://www.maxpreps.com/or/oakridge/football/","https://image.maxpreps.io/school-mascot/d/4/1/d41120c7-9436-422d-8e12-b47fe7b0154e.gif?version=637034458800000000&amp;width=128&amp;height=128&amp;auto=webp&amp;format=pjpg","https://image.maxpreps.io/school-mascot/d/4/1/d41120c7-9436-422d-8e12-b47fe7b0154e.gif?version=637034458800000000&amp;width=64&amp;height=64&amp;auto=webp&amp;format=pjpg"
41,"Milwaukie Milwaukie Academy Of The Arts vs Wilsonville",Football,"Oregon",9/4/2026,7:30 PM,"The Wilsonville varsity football team has a game @ Milwaukie Milwaukie Academy Of The Arts (Oregon).","/or/football/game/milwaukie-milwaukie-academy-of-the-arts-vs-wilsonville/9-4-2026/?c=f6f6e7a3-1af3-4627-b581-b2aa7e8145e7","https://www.maxpreps.com/or/football/game/milwaukie-milwaukie-academy-of-the-arts-vs-wilsonville/9-4-2026/?c=f6f6e7a3-1af3-4627-b581-b2aa7e8145e7",1510,"Wildcats","Mustangs","https://www.maxpreps.com/or/milwaukie-milwaukie-academy-of-the-arts/football/","https://www.maxpreps.com/or/wilsonville/football/","https://image.maxpreps.io/school-mascot/9/c/0/9c09156c-a43a-4edc-980f-cf73846b5ac1.gif?version=636231325200000000&amp;width=128&amp;height=128&amp;auto=webp&amp;format=pjpg","https://image.maxpreps.io/school-mascot/9/c/0/9c09156c-a43a-4edc-980f-cf73846b5ac1.gif?version=636231325200000000&amp;width=64&amp;height=64&amp;auto=webp&amp;format=pjpg"
42,"Nyssa Or vs Parma Id",Football,"Oregon",9/4/2026,7:30 PM,"The Parma Id varsity football team has a game @ Nyssa Or (Oregon).","/inter-state/football/game/nyssa-or-vs-parma-id/9-4-2026/?c=b599eebc-c3a2-4002-a607-79f33d8ef31c","https://www.maxpreps.com/inter-state/football/game/nyssa-or-vs-parma-id/9-4-2026/?c=b599eebc-c3a2-4002-a607-79f33d8ef31c",78a,"Panthers","Bulldogs","https://www.maxpreps.com/or/nyssa-or/football/","https://www.maxpreps.com/or/parma-id/football/","https://image.maxpreps.io/school-mascot/7/6/9/769e5f8e-6713-4bf6-a53b-958f5e5080fe.gif?version=637698867600000000&amp;width=128&amp;height=128&amp;auto=webp&amp;format=pjpg","https://image.maxpreps.io/school-mascot/9/1/8/91885b9a-00ff-430e-a5aa-01e15e7d5964.gif?version=636650210400000000&amp;width=128&amp;height=128&amp;auto=webp&amp;format=pjpg"
43,"Sheldon Eugene vs West Salem",Football,"Oregon",9/4/2026,7:30 PM,"The West Salem varsity football team has a game @ Sheldon Eugene (Oregon).","/or/football/game/sheldon-eugene-vs-west-salem/9-4-2026/?c=dd85492b-f25b-4dae-85c7-ba11aca68f7f","https://www.maxpreps.com/or/football/game/sheldon-eugene-vs-west-salem/9-4-2026/?c=dd85492b-f25b-4dae-85c7-ba11aca68f7f",ad8,"Irish","Titans","https://www.maxpreps.com/or/sheldon-eugene/football/","https://www.maxpreps.com/or/west-salem/football/","https://image.maxpreps.io/school-mascot/d/f/8/df8f80ab-ca97-4f25-bc07-dfb928b4311f.gif?version=637088134200000000&amp;width=128&amp;height=128&amp;auto=webp&amp;format=pjpg","https://image.maxpreps.io/school-mascot/c/c/c/ccc7a85e-c7ae-436a-83cc-c3dd7265d2dd.gif?version=635536528200000000&amp;width=128&amp;height=128&amp;auto=webp&amp;format=pjpg"
44,"Central Independence vs Dallas",Football,"Oregon",9/4/2026,7:30 PM,"The Dallas varsity football team has a game @ Central Independence (Oregon).","/or/football/game/central-independence-vs-dallas/9-4-2026/?c=5a781e54-a9a0-4a78-abc1-858ca1ef9894","https://www.maxpreps.com/or/football/game/central-independence-vs-dallas/9-4-2026/?c=5a781e54-a9a0-4a78-abc1-858ca1ef9894",bac,"Dragons","Panthers","https://www.maxpreps.com/or/central-independence/football/","https://www.maxpreps.com/or/dallas/football/","https://image.maxpreps.io/school-mascot/a/a/4/aa4317cf-015e-4c9a-bcb7-89e09910df0d.gif?version=634042918200000000&amp;width=128&amp;height=128&amp;auto=webp&amp;format=pjpg","https://image.maxpreps.io/school-mascot/a/6/2/a626ce55-469c-4bbc-b6b2-ef0fa0d088ea.gif?version=634547921400000000&amp;width=128&amp;height=128&amp;auto=webp&amp;format=pjpg"
45,"Cascade Turner vs Crescent Valley Corvallis",Football,"Oregon",9/4/2026,7:30 PM,"The Crescent Valley Corvallis varsity football team has a game @ Cascade Turner (Oregon).","/or/football/game/cascade-turner-vs-crescent-valley-corvallis/9-4-2026/?c=85e4a874-99aa-4465-87bf-fa1d1de31883","https://www.maxpreps.com/or/football/game/cascade-turner-vs-crescent-valley-corvallis/9-4-2026/?c=85e4a874-99aa-4465-87bf-fa1d1de31883",10e1,"Cougars","Raiders","https://www.maxpreps.com/or/cascade-turner/football/","https://www.maxpreps.com/or/crescent-valley-corvallis/football/","https://image.maxpreps.io/school-mascot/c/5/c/c5c3aef7-0c44-4d4a-923c-ea5ea83aa83b.gif?version=635215776000000000&amp;width=128&amp;height=128&amp;auto=webp&amp;format=pjpg","https://image.maxpreps.io/school-mascot/b/7/5/b75fafc6-84c1-4ae6-b82f-f5315f0b2922.gif?version=636092825400000000&amp;width=128&amp;height=128&amp;auto=webp&amp;format=pjpg"
46,"Hillsboro vs North Salem",Football,"Oregon",9/4/2026,7:30 PM,"The North Salem varsity football team has a game @ Hillsboro (Oregon).","/or/football/game/hillsboro-vs-north-salem/9-4-2026/?c=0371e308-9e5e-4fa2-bff8-33bedf785c55","https://www.maxpreps.com/or/football/game/hillsboro-vs-north-salem/9-4-2026/?c=0371e308-9e5e-4fa2-bff8-33bedf785c55",97b,"Vikings","Spartans","https://www.maxpreps.com/or/hillsboro/football/","https://www.maxpreps.com/or/north-salem/football/","https://image.maxpreps.io/school-mascot/d/2/f/d2ffe6d1-2d08-4b32-b717-44c2d78f35e5.gif?version=635533644600000000&amp;width=128&amp;height=128&amp;auto=webp&amp;format=pjpg","https://image.maxpreps.io/school-mascot/8/c/0/8c029dc0-06ed-4261-98c1-c56f35b512b1.gif?version=635910954000000000&amp;width=128&amp;height=128&amp;auto=webp&amp;format=pjpg"
47,"Marshfield Coos Bay vs Philomath",Football,"Oregon",9/4/2026,7:30 PM,"The Philomath varsity football team has a game @ Marshfield Coos Bay (Oregon).","/or/football/game/marshfield-coos-bay-vs-philomath/9-4-2026/?c=b1ee81a9-f411-44ac-bbc0-fc5222539aeb","https://www.maxpreps.com/or/football/game/marshfield-coos-bay-vs-philomath/9-4-2026/?c=b1ee81a9-f411-44ac-bbc0-fc5222539aeb",c72,"Warriors","Pirates","https://www.maxpreps.com/or/marshfield-coos-bay/football/","https://www.maxpreps.com/or/philomath/football/","https://image.maxpreps.io/school-mascot/d/4/8/d4834194-77b0-49ad-b78a-17cfe9ee1365.gif?version=633874880400000000&amp;width=128&amp;height=128&amp;auto=webp&amp;format=pjpg","https://image.maxpreps.io/school-mascot/d/4/8/d4834194-77b0-49ad-b78a-17cfe9ee1365.gif?version=633874880400000000&amp;width=64&amp;height=64&amp;auto=webp&amp;format=pjpg"
48,"Barlow Gresham vs Sandy",Football,"Oregon",9/4/2026,7:30 PM,"The Sandy varsity football team has a game @ Barlow Gresham (Oregon).","/or/football/game/barlow-gresham-vs-sandy/9-4-2026/?c=791b2110-4666-44b1-a695-75d412f548ce","https://www.maxpreps.com/or/football/game/barlow-gresham-vs-sandy/9-4-2026/?c=791b2110-4666-44b1-a695-75d412f548ce",8fd,"Pioneers","Bruins","https://www.maxpreps.com/or/barlow-gresham/football/","https://www.maxpreps.com/or/sandy/football/","https://image.maxpreps.io/school-mascot/a/f/1/af1214b3-f8b3-406d-8c9c-f86b837c3296.gif?version=636625852200000000&amp;width=128&amp;height=128&amp;auto=webp&amp;format=pjpg","https://image.maxpreps.io/school-mascot/c/7/a/c7a4f1c0-0a3c-4f14-b76e-db15cfc54bcb.gif?version=638622504708128560&amp;width=128&amp;height=128&amp;auto=webp&amp;format=pjpg"
49,"Grant Portland vs Lincoln Portland",Football,"Oregon",9/4/2026,7:30 PM,"The Lincoln Portland varsity football team has a game @ Grant Portland (Oregon).","/or/football/game/grant-portland-vs-lincoln-portland/9-4-2026/?c=16885e0e-a980-420f-8d96-29dd8d99be99","https://www.maxpreps.com/or/football/game/grant-portland-vs-lincoln-portland/9-4-2026/?c=16885e0e-a980-420f-8d96-29dd8d99be99",d70,"Generals","Cardinals","https://www.maxpreps.com/or/grant-portland/football/","https://www.maxpreps.com/or/lincoln-portland/football/","https://image.maxpreps.io/school-mascot/d/c/e/dce462da-90ce-4b99-9e1a-154769c28b9b.gif?version=635226978000000000&amp;width=128&amp;height=128&amp;auto=webp&amp;format=pjpg","https://image.maxpreps.io/school-mascot/8/8/e/88eefac1-2e62-4d65-9d6c-8a12e9bedfb7.gif?version=635859400200000000&amp;width=128&amp;height=128&amp;auto=webp&amp;format=pjpg"
50,"Forest Grove vs South Salem",Football,"Oregon",9/4/2026,7:30 PM,"The South Salem varsity football team has a game @ Forest Grove (Oregon).","/or/football/game/forest-grove-vs-south-salem/9-4-2026/?c=adb26457-2b8f-4055-9f4e-a8f8429eaffb","https://www.maxpreps.com/or/football/game/forest-grove-vs-south-salem/9-4-2026/?c=adb26457-2b8f-4055-9f4e-a8f8429eaffb",a98,"Grove","Salem","https://www.maxpreps.com/or/forest-grove/football/","https://www.maxpreps.com/or/south-salem/football/","",""
51,"Burns vs Sisters",Football,"Oregon",9/4/2026,7:30 PM,"The Sisters varsity football team has a game @ Burns (Oregon).","/or/football/game/burns-vs-sisters/9-4-2026/?c=438434a3-8434-4ab3-afa5-7bb557f6b3af","https://www.maxpreps.com/or/football/game/burns-vs-sisters/9-4-2026/?c=438434a3-8434-4ab3-afa5-7bb557f6b3af",67a,"Burns","Sisters","https://www.maxpreps.com/or/burns/football/","https://www.maxpreps.com/or/sisters/football/","",""
52,"North Marion Aurora vs Woodburn",Football,"Oregon",9/4/2026,7:30 PM,"The Woodburn varsity football team has a game @ North Marion Aurora (Oregon).","/or/football/game/north-marion-aurora-vs-woodburn/9-4-2026/?c=53c2b140-d1ee-452d-b257-47e810fe67c2","https://www.maxpreps.com/or/football/game/north-marion-aurora-vs-woodburn/9-4-2026/?c=53c2b140-d1ee-452d-b257-47e810fe67c2",c48,"Aurora","Woodburn","https://www.maxpreps.com/or/north-marion-aurora/football/","https://www.maxpreps.com/or/woodburn/football/","",""
53,"Putnam Milwaukie vs Roseburg",Football,"Oregon",9/4/2026,7:30 PM,"The Roseburg varsity football team has a game @ Putnam Milwaukie (Oregon).","/or/football/game/putnam-milwaukie-vs-roseburg/9-4-2026/?c=e44dbc83-07ad-4994-aaf5-b685e9b1459d","https://www.maxpreps.com/or/football/game/putnam-milwaukie-vs-roseburg/9-4-2026/?c=e44dbc83-07ad-4994-aaf5-b685e9b1459d",b36,"Milwaukie","Roseburg","https://www.maxpreps.com/or/putnam-milwaukie/football/","https://www.maxpreps.com/or/roseburg/football/","",""
54,"Elmira vs Sutherlin",Football,"Oregon",9/4/2026,7:30 PM,"The Sutherlin varsity football team has a game @ Elmira (Oregon).","/or/football/game/elmira-vs-sutherlin/9-4-2026/?c=76cf4d84-3454-4199-9ff7-e365f96cfe18","https://www.maxpreps.com/or/football/game/elmira-vs-sutherlin/9-4-2026/?c=76cf4d84-3454-4199-9ff7-e365f96cfe18",79b,"Elmira","Sutherlin","https://www.maxpreps.com/or/elmira/football/","https://www.maxpreps.com/or/sutherlin/football/","",""
55,"Baker Baker City Or vs Marsing Id",Football,"Oregon",9/4/2026,7:30 PM,"The Marsing Id varsity football team has a game @ Baker Baker City Or (Oregon).","/inter-state/football/game/baker-baker-city-or-vs-marsing-id/9-4-2026/?c=822e1022-7840-44d0-ac83-9978c87a9eb4","https://www.maxpreps.com/inter-state/football/game/baker-baker-city-or-vs-marsing-id/9-4-2026/?c=822e1022-7840-44d0-ac83-9978c87a9eb4",c59,"Or","Id","https://www.maxpreps.com/or/baker-baker-city-or/football/","https://www.maxpreps.com/or/marsing-id/football/","",""
56,"Jewell Seaside vs Vernonia",Football,"Oregon",9/4/2026,7:30 PM,"The Vernonia varsity football team has a game @ Jewell Seaside (Oregon).","/or/football/game/jewell-seaside-vs-vernonia/9-4-2026/?c=fcfa8a3d-034a-4a4c-8906-030b00358d96","https://www.maxpreps.com/or/football/game/jewell-seaside-vs-vernonia/9-4-2026/?c=fcfa8a3d-034a-4a4c-8906-030b00358d96",a33,"Seaside","Vernonia","https://www.maxpreps.com/or/jewell-seaside/football/","https://www.maxpreps.com/or/vernonia/football/","",""
57,"Gaston vs Glide",Football,"Oregon",9/4/2026,7:30 PM,"The Glide varsity football team has a game @ Gaston (Oregon).","/or/football/game/gaston-vs-glide/9-4-2026/?c=29a7b9c2-9090-4992-983a-cd5a4b0d57ad","https://www.maxpreps.com/or/football/game/gaston-vs-glide/9-4-2026/?c=29a7b9c2-9090-4992-983a-cd5a4b0d57ad",5d4,"Gaston","Glide","https://www.maxpreps.com/or/gaston/football/","https://www.maxpreps.com/or/glide/football/","",""
58,"David Douglas Portland vs St Helens",Football,"Oregon",9/4/2026,7:30 PM,"The St Helens varsity football team has a game @ David Douglas Portland (Oregon).","/or/football/game/david-douglas-portland-vs-st-helens/9-4-2026/?c=144826c8-c134-4a77-90c0-bfcbe805e46e","https://www.maxpreps.com/or/football/game/david-douglas-portland-vs-st-helens/9-4-2026/?c=144826c8-c134-4a77-90c0-bfcbe805e46e",d8b,"Portland","Helens","https://www.maxpreps.com/or/david-douglas-portland/football/","https://www.maxpreps.com/or/st-helens/football/","",""
59,"Gresham vs Reynolds Troutdale",Football,"Oregon",9/4/2026,7:30 PM,"The Reynolds Troutdale varsity football team has a game @ Gresham (Oregon).","/or/football/game/gresham-vs-reynolds-troutdale/9-4-2026/?c=e17ded46-4177-4109-b21b-8a2024eb2e5f","https://www.maxpreps.com/or/football/game/gresham-vs-reynolds-troutdale/9-4-2026/?c=e17ded46-4177-4109-b21b-8a2024eb2e5f",b9b,"Gresham","Troutdale","https://www.maxpreps.com/or/gresham/football/","https://www.maxpreps.com/or/reynolds-troutdale/football/","",""
60,"Newport vs Taft Lincoln City",Football,"Oregon",9/4/2026,7:30 PM,"The Taft Lincoln City varsity football team has a game @ Newport (Oregon).","/or/football/game/newport-vs-taft-lincoln-city/9-4-2026/?c=67930cc7-3bcc-4b03-9d26-298935cc2881","https://www.maxpreps.com/or/football/game/newport-vs-taft-lincoln-city/9-4-2026/?c=67930cc7-3bcc-4b03-9d26-298935cc2881",b03,"Newport","City","https://www.maxpreps.com/or/newport/football/","https://www.maxpreps.com/or/taft-lincoln-city/football/","",""
61,"Beaverton vs Mcminnville",Football,"Oregon",9/4/2026,7:30 PM,"The Mcminnville varsity football team has a game @ Beaverton (Oregon).","/or/football/game/beaverton-vs-mcminnville/9-4-2026/?c=a1dba1ef-3d81-4c0d-8af2-55acb4c65adf","https://www.maxpreps.com/or/football/game/beaverton-vs-mcminnville/9-4-2026/?c=a1dba1ef-3d81-4c0d-8af2-55acb4c65adf",9a7,"Beaverton","Mcminnville","https://www.maxpreps.com/or/beaverton/football/","https://www.maxpreps.com/or/mcminnville/football/","",""
62,"Corvallis vs Mcnary Keizer",Football,"Oregon",9/4/2026,7:30 PM,"The Mcnary Keizer varsity football team has a game @ Corvallis (Oregon).","/or/football/game/corvallis-vs-mcnary-keizer/9-4-2026/?c=66455878-fdc5-442e-a212-09df9cc26e08","https://www.maxpreps.com/or/football/game/corvallis-vs-mcnary-keizer/9-4-2026/?c=66455878-fdc5-442e-a212-09df9cc26e08",a53,"Corvallis","Keizer","https://www.maxpreps.com/or/corvallis/football/","https://www.maxpreps.com/or/mcnary-keizer/football/","",""
63,"Gervais vs Yamhill Carlton",Football,"Oregon",9/4/2026,7:30 PM,"The Yamhill Carlton varsity football team has a game @ Gervais (Oregon).","/or/football/game/gervais-vs-yamhill-carlton/9-4-2026/?c=2b8a02f3-0418-4a2f-aa33-10cc172968d4","https://www.maxpreps.com/or/football/game/gervais-vs-yamhill-carlton/9-4-2026/?c=2b8a02f3-0418-4a2f-aa33-10cc172968d4",a44,"Gervais","Carlton","https://www.maxpreps.com/or/gervais/football/","https://www.maxpreps.com/or/yamhill-carlton/football/","",""
64,"Clatskanie vs Willamina",Football,"Oregon",9/4/2026,7:30 PM,"The Willamina varsity football team has a game @ Clatskanie (Oregon).","/or/football/game/clatskanie-vs-willamina/9-4-2026/?c=a5d8de93-5fad-45ce-ac71-2d643a484610","https://www.maxpreps.com/or/football/game/clatskanie-vs-willamina/9-4-2026/?c=a5d8de93-5fad-45ce-ac71-2d643a484610",920,"Clatskanie","Willamina","https://www.maxpreps.com/or/clatskanie/football/","https://www.maxpreps.com/or/willamina/football/","",""
65,"Roosevelt Portland vs Sunset Portland",Football,"Oregon",9/4/2026,7:30 PM,"The Sunset Portland varsity football team has a game @ Roosevelt Portland (Oregon).","/or/football/game/roosevelt-portland-vs-sunset-portland/9-4-2026/?c=e754521e-1938-45af-9e29-a7c1d3fa462e","https://www.maxpreps.com/or/football/game/roosevelt-portland-vs-sunset-portland/9-4-2026/?c=e754521e-1938-45af-9e29-a7c1d3fa462e",eea,"Portland","Portland","https://www.maxpreps.com/or/roosevelt-portland/football/","https://www.maxpreps.com/or/sunset-portland/football/","",""
66,"Mountain View Bend vs North Medford",Football,"Oregon",9/4/2026,7:30 PM,"The North Medford varsity football team has a game @ Mountain View Bend (Oregon).","/or/football/game/mountain-view-bend-vs-north-medford/9-4-2026/?c=4a5f55ec-0607-42fa-91f2-6be57ec3ca71","https://www.maxpreps.com/or/football/game/mountain-view-bend-vs-north-medford/9-4-2026/?c=4a5f55ec-0607-42fa-91f2-6be57ec3ca71",d95,"Bend","Medford","https://www.maxpreps.com/or/mountain-view-bend/football/","https://www.maxpreps.com/or/north-medford/football/","",""
67,"Glendale vs Reedsport",Football,"Oregon",9/4/2026,7:30 PM,"The Reedsport varsity football team has a game @ Glendale (Oregon).","/or/football/game/glendale-vs-reedsport/9-4-2026/?c=b48ed333-da44-4247-ba7b-3a8731c3ab92","https://www.maxpreps.com/or/football/game/glendale-vs-reedsport/9-4-2026/?c=b48ed333-da44-4247-ba7b-3a8731c3ab92",857,"Glendale","Reedsport","https://www.maxpreps.com/or/glendale/football/","https://www.maxpreps.com/or/reedsport/football/","",""
68,"Bend vs Springfield",Football,"Oregon",9/4/2026,7:30 PM,"The Springfield varsity football team has a game @ Bend (Oregon).","/or/football/game/bend-vs-springfield/9-4-2026/?c=c7de3a22-6ae2-4fdf-845b-5a13dd13f333","https://www.maxpreps.com/or/football/game/bend-vs-springfield/9-4-2026/?c=c7de3a22-6ae2-4fdf-845b-5a13dd13f333",773,"Bend","Springfield","https://www.maxpreps.com/or/bend/football/","https://www.maxpreps.com/or/springfield/football/","",""
69,"Brookings Harbor vs Rogue River",Football,"Oregon",9/4/2026,7:30 PM,"The Rogue River varsity football team has a game @ Brookings Harbor (Oregon).","/or/football/game/brookings-harbor-vs-rogue-river/9-4-2026/?c=9c2fdb19-1255-4aac-9548-494bf020abfb","https://www.maxpreps.com/or/football/game/brookings-harbor-vs-rogue-river/9-4-2026/?c=9c2fdb19-1255-4aac-9548-494bf020abfb",c33,"Harbor","River","https://www.maxpreps.com/or/brookings-harbor/football/","https://www.maxpreps.com/or/rogue-river/football/","",""
70,"Ontario Or vs Payette Id",Football,"Oregon",9/4/2026,7:30 PM,"The Payette Id varsity football team has a game @ Ontario Or (Oregon).","/inter-state/football/game/ontario-or-vs-payette-id/9-4-2026/?c=2f30d0b8-3c73-4fca-bb11-2e901ded64bc","https://www.maxpreps.com/inter-state/football/game/ontario-or-vs-payette-id/9-4-2026/?c=2f30d0b8-3c73-4fca-bb11-2e901ded64bc",943,"Or","Id","https://www.maxpreps.com/or/ontario-or/football/","https://www.maxpreps.com/or/payette-id/football/","",""
71,"La Salle Milwaukie vs Parkrose Portland",Football,"Oregon",9/4/2026,7:30 PM,"The Parkrose Portland varsity football team has a game @ La Salle Milwaukie (Oregon).","/or/football/game/la-salle-milwaukie-vs-parkrose-portland/9-4-2026/?c=f0b9dfbe-b1d3-4cf5-bea9-b077a8bb45d8","https://www.maxpreps.com/or/football/game/la-salle-milwaukie-vs-parkrose-portland/9-4-2026/?c=f0b9dfbe-b1d3-4cf5-bea9-b077a8bb45d8",f3b,"Milwaukie","Portland","https://www.maxpreps.com/or/la-salle-milwaukie/football/","https://www.maxpreps.com/or/parkrose-portland/football/","",""
72,"Ida B Wells Trojans Portland vs Mcdaniel Portland",Football,"Oregon",9/4/2026,7:30 PM,"The Mcdaniel Portland varsity football team has a game @ Ida B Wells Trojans Portland (Oregon).","/or/football/game/ida-b-wells-trojans-portland-vs-mcdaniel-portland/9-4-2026/?c=830fadbd-68cd-42b3-a90a-539be35d4cc2","https://www.maxpreps.com/or/football/game/ida-b-wells-trojans-portland-vs-mcdaniel-portland/9-4-2026/?c=830fadbd-68cd-42b3-a90a-539be35d4cc2",12e1,"Portland","Portland","https://www.maxpreps.com/or/ida-b-wells-trojans-portland/football/","https://www.maxpreps.com/or/mcdaniel-portland/football/","",""
73,"Benson Tech Portland vs Franklin Portland",Football,"Oregon",9/4/2026,7:30 PM,"The Franklin Portland varsity football team has a game @ Benson Tech Portland (Oregon).","/or/football/game/benson-tech-portland-vs-franklin-portland/9-4-2026/?c=c0d40a6d-8f31-458a-8cc6-e15a2081728c","https://www.maxpreps.com/or/football/game/benson-tech-portland-vs-franklin-portland/9-4-2026/?c=c0d40a6d-8f31-458a-8cc6-e15a2081728c",1010,"Portland","Portland","https://www.maxpreps.com/or/benson-tech-portland/football/","https://www.maxpreps.com/or/franklin-portland/football/","",""
74,"Canby vs Hood River Valley",Football,"Oregon",9/4/2026,7:30 PM,"The Hood River Valley varsity football team has a game @ Canby (Oregon).","/or/football/game/canby-vs-hood-river-valley/9-4-2026/?c=289103d8-d5e0-4907-90ca-b1d88264e0ba","https://www.maxpreps.com/or/football/game/canby-vs-hood-river-valley/9-4-2026/?c=289103d8-d5e0-4907-90ca-b1d88264e0ba",a09,"Canby","Valley","https://www.maxpreps.com/or/canby/football/","https://www.maxpreps.com/or/hood-river-valley/football/","",""
75,"Sherman Moro vs Union",Football,"Oregon",9/4/2026,7:30 PM,"The Union varsity football team has a game @ Sherman Moro (Oregon).","/or/football/game/sherman-moro-vs-union/9-4-2026/?c=f91606f3-133d-4065-844a-6f173b016b7a","https://www.maxpreps.com/or/football/game/sherman-moro-vs-union/9-4-2026/?c=f91606f3-133d-4065-844a-6f173b016b7a",844,"Moro","Union","https://www.maxpreps.com/or/sherman-moro/football/","https://www.maxpreps.com/or/union/football/","",""
76,"Illinois Valley Cave Junction vs La Pine",Football,"Oregon",9/4/2026,7:30 PM,"The La Pine varsity football team has a game @ Illinois Valley Cave Junction (Oregon).","/or/football/game/illinois-valley-cave-junction-vs-la-pine/9-4-2026/?c=8ad702d2-b8d2-4756-a85b-6b3636caae68","https://www.maxpreps.com/or/football/game/illinois-valley-cave-junction-vs-la-pine/9-4-2026/?c=8ad702d2-b8d2-4756-a85b-6b3636caae68",f69,"Junction","Pine","https://www.maxpreps.com/or/illinois-valley-cave-junction/football/","https://www.maxpreps.com/or/la-pine/football/","",""
77,"Cottage Grove vs Creswell",Football,"Oregon",9/4/2026,7:30 PM,"The Creswell varsity football team has a game @ Cottage Grove (Oregon).","/or/football/game/cottage-grove-vs-creswell/9-4-2026/?c=694f8d06-7d67-49c8-a1bc-fb3683d711a1","https://www.maxpreps.com/or/football/game/cottage-grove-vs-creswell/9-4-2026/?c=694f8d06-7d67-49c8-a1bc-fb3683d711a1",9db,"Grove","Creswell","https://www.maxpreps.com/or/cottage-grove/football/","https://www.maxpreps.com/or/creswell/football/","",""
78,"Harrisburg vs North Valley Grants Pass",Football,"Oregon",9/4/2026,7:30 PM,"The North Valley Grants Pass varsity football team has a game @ Harrisburg (Oregon).","/or/football/game/harrisburg-vs-north-valley-grants-pass/9-4-2026/?c=1414260d-51f2-4a5e-84f4-191a22cccab7","https://www.maxpreps.com/or/football/game/harrisburg-vs-north-valley-grants-pass/9-4-2026/?c=1414260d-51f2-4a5e-84f4-191a22cccab7",f01,"Harrisburg","Pass","https://www.maxpreps.com/or/harrisburg/football/","https://www.maxpreps.com/or/north-valley-grants-pass/football/","",""
79,"Alsea vs Elkton",Football,"Oregon",9/4/2026,7:30 PM,"The Elkton varsity football team has a game @ Alsea (Oregon).","/or/football/game/alsea-vs-elkton/9-4-2026/?c=6759f546-19d7-4bd6-b779-e0892ccba8d2","https://www.maxpreps.com/or/football/game/alsea-vs-elkton/9-4-2026/?c=6759f546-19d7-4bd6-b779-e0892ccba8d2",5d6,"Alsea","Elkton","https://www.maxpreps.com/or/alsea/football/","https://www.maxpreps.com/or/elkton/football/","",""
80,"Grants Pass vs Westview Portland",Football,"Oregon",9/4/2026,7:30 PM,"The Westview Portland varsity football team has a game @ Grants Pass (Oregon).","/or/football/game/grants-pass-vs-westview-portland/9-4-2026/?c=474a4640-6f41-4cf8-88e7-bc8048b5d972","https://www.maxpreps.com/or/football/game/grants-pass-vs-westview-portland/9-4-2026/?c=474a4640-6f41-4cf8-88e7-bc8048b5d972",cc5,"Pass","Portland","https://www.maxpreps.com/or/grants-pass/football/","https://www.maxpreps.com/or/westview-portland/football/","",""
81,"Silverton vs Willamette Eugene",Football,"Oregon",9/4/2026,7:30 PM,"The Willamette Eugene varsity football team has a game @ Silverton (Oregon).","/or/football/game/silverton-vs-willamette-eugene/9-4-2026/?c=10683b58-6075-4c16-9c50-77a3a2cfcdad","https://www.maxpreps.com/or/football/game/silverton-vs-willamette-eugene/9-4-2026/?c=10683b58-6075-4c16-9c50-77a3a2cfcdad",c07,"Silverton","Eugene","https://www.maxpreps.com/or/silverton/football/","https://www.maxpreps.com/or/willamette-eugene/football/","",""
82,"Dayville Monument Long Creek vs Ione Arlington",Football,"Oregon",9/4/2026,7:30 PM,"The Ione Arlington varsity football team has a game @ Dayville Monument Long Creek (Oregon).","/or/football/game/dayville-monument-long-creek-vs-ione-arlington/9-4-2026/?c=b0d56ada-9049-44ac-b852-653478eb5f8e","https://www.maxpreps.com/or/football/game/dayville-monument-long-creek-vs-ione-arlington/9-4-2026/?c=b0d56ada-9049-44ac-b852-653478eb5f8e",11f7,"Creek","Arlington","https://www.maxpreps.com/or/dayville-monument-long-creek/football/","https://www.maxpreps.com/or/ione-arlington/football/","",""
83,"Redmond vs South Albany",Football,"Oregon",9/4/2026,7:30 PM,"The South Albany varsity football team has a game @ Redmond (Oregon).","/or/football/game/redmond-vs-south-albany/9-4-2026/?c=11ccbd9f-c256-4261-86c7-f735fc99e468","https://www.maxpreps.com/or/football/game/redmond-vs-south-albany/9-4-2026/?c=11ccbd9f-c256-4261-86c7-f735fc99e468",903,"Redmond","Albany","https://www.maxpreps.com/or/redmond/football/","https://www.maxpreps.com/or/south-albany/football/","",""
84,"Cleveland Portland vs Jefferson Portland",Football,"Oregon",9/4/2026,7:30 PM,"The Jefferson Portland varsity football team has a game @ Cleveland Portland (Oregon).","/or/football/game/cleveland-portland-vs-jefferson-portland/9-4-2026/?c=a560a291-8447-4962-bd1e-900f731d8b84","https://www.maxpreps.com/or/football/game/cleveland-portland-vs-jefferson-portland/9-4-2026/?c=a560a291-8447-4962-bd1e-900f731d8b84",fd5,"Portland","Portland","https://www.maxpreps.com/or/cleveland-portland/football/","https://www.maxpreps.com/or/jefferson-portland/football/","",""
85,"Kennedy Mt Angel vs Santiam Christian Corvallis",Football,"Oregon",9/4/2026,7:30 PM,"The Santiam Christian Corvallis varsity football team has a game @ Kennedy Mt Angel (Oregon).","/or/football/game/kennedy-mt-angel-vs-santiam-christian-corvallis/9-4-2026/?c=9ebaa815-820e-483c-b718-4e4541889573","https://www.maxpreps.com/or/football/game/kennedy-mt-angel-vs-santiam-christian-corvallis/9-4-2026/?c=9ebaa815-820e-483c-b718-4e4541889573",124e,"Angel","Corvallis","https://www.maxpreps.com/or/kennedy-mt-angel/football/","https://www.maxpreps.com/or/santiam-christian-corvallis/football/","",""
86,"Cove vs Elgin",Football,"Oregon",9/4/2026,7:30 PM,"The Elgin varsity football team has a game @ Cove (Oregon).","/or/football/game/cove-vs-elgin/9-4-2026/?c=cc9c0d17-c4d4-42cb-ab25-68f839760009","https://www.maxpreps.com/or/football/game/cove-vs-elgin/9-4-2026/?c=cc9c0d17-c4d4-42cb-ab25-68f839760009",4ff,"Cove","Elgin","https://www.maxpreps.com/or/cove/football/","https://www.maxpreps.com/or/elgin/football/","",""
87,"Irrigon vs Umatilla",Football,"Oregon",9/4/2026,7:30 PM,"The Umatilla varsity football team has a game @ Irrigon (Oregon).","/or/football/game/irrigon-vs-umatilla/9-4-2026/?c=3b187a91-cd7c-44ab-b3f2-f0ed01a7a9fb","https://www.maxpreps.com/or/football/game/irrigon-vs-umatilla/9-4-2026/?c=3b187a91-cd7c-44ab-b3f2-f0ed01a7a9fb",796,"Irrigon","Umatilla","https://www.maxpreps.com/or/irrigon/football/","https://www.maxpreps.com/or/umatilla/football/","",""
88,"Country Christian Molalla vs Mckenzie Finn Rock",Football,"Oregon",9/4/2026,7:30 PM,"The Mckenzie Finn Rock varsity football team has a game @ Country Christian Molalla (Oregon).","/or/football/game/country-christian-molalla-vs-mckenzie-finn-rock/9-4-2026/?c=8034b525-685e-4034-ab2a-11b995ed478b","https://www.maxpreps.com/or/football/game/country-christian-molalla-vs-mckenzie-finn-rock/9-4-2026/?c=8034b525-685e-4034-ab2a-11b995ed478b",1262,"Molalla","Rock","https://www.maxpreps.com/or/country-christian-molalla/football/","https://www.maxpreps.com/or/mckenzie-finn-rock/football/","",""
89,"Jefferson vs Monroe",Football,"Oregon",9/4/2026,7:30 PM,"The Monroe varsity football team has a game @ Jefferson (Oregon).","/or/football/game/jefferson-vs-monroe/9-4-2026/?c=d4538e99-febf-40aa-aea4-c97ccd4b1509","https://www.maxpreps.com/or/football/game/jefferson-vs-monroe/9-4-2026/?c=d4538e99-febf-40aa-aea4-c97ccd4b1509",795,"Jefferson","Monroe","https://www.maxpreps.com/or/jefferson/football/","https://www.maxpreps.com/or/monroe/football/","",""
90,"Amity vs Pleasant Hill",Football,"Oregon",9/4/2026,7:30 PM,"The Pleasant Hill varsity football team has a game @ Amity (Oregon).","/or/football/game/amity-vs-pleasant-hill/9-4-2026/?c=9f1b9ace-2b8c-4e93-bf01-ed14b9e0da6c","https://www.maxpreps.com/or/football/game/amity-vs-pleasant-hill/9-4-2026/?c=9f1b9ace-2b8c-4e93-bf01-ed14b9e0da6c",895,"Amity","Hill","https://www.maxpreps.com/or/amity/football/","https://www.maxpreps.com/or/pleasant-hill/football/","",""
91,"Bandon vs Waldport",Football,"Oregon",9/4/2026,7:30 PM,"The Waldport varsity football team has a game @ Bandon (Oregon).","/or/football/game/bandon-vs-waldport/9-4-2026/?c=0827e73a-8b69-467c-8ef0-869615e1f89f","https://www.maxpreps.com/or/football/game/bandon-vs-waldport/9-4-2026/?c=0827e73a-8b69-467c-8ef0-869615e1f89f",722,"Bandon","Waldport","https://www.maxpreps.com/or/bandon/football/","https://www.maxpreps.com/or/waldport/football/","",""
92,"Klamath Union Klamath Falls vs Mazama Klamath Falls",Football,"Oregon",9/4/2026,7:30 PM,"The Mazama Klamath Falls varsity football team has a game @ Klamath Union Klamath Falls (Oregon).","/or/football/game/klamath-union-klamath-falls-vs-mazama-klamath-falls/9-4-2026/?c=d1a660bd-08be-4d41-9d95-febc3f1b8879","https://www.maxpreps.com/or/football/game/klamath-union-klamath-falls-vs-mazama-klamath-falls/9-4-2026/?c=d1a660bd-08be-4d41-9d95-febc3f1b8879",138e,"Falls","Falls","https://www.maxpreps.com/or/klamath-union-klamath-falls/football/","https://www.maxpreps.com/or/mazama-klamath-falls/football/","",""
93,"Thurston Springfield vs West Albany",Football,"Oregon",9/4/2026,7:30 PM,"The West Albany varsity football team has a game @ Thurston Springfield (Oregon).","/or/football/game/thurston-springfield-vs-west-albany/9-4-2026/?c=83039403-88b2-462c-9c57-841f27be8403","https://www.maxpreps.com/or/football/game/thurston-springfield-vs-west-albany/9-4-2026/?c=83039403-88b2-462c-9c57-841f27be8403",df5,"Springfield","Albany","https://www.maxpreps.com/or/thurston-springfield/football/","https://www.maxpreps.com/or/west-albany/football/","",""
94,"Jesuit Portland vs Nelson Happy Valley",Football,"Oregon",9/4/2026,7:30 PM,"The Nelson Happy Valley varsity football team has a game @ Jesuit Portland (Oregon).","/or/football/game/jesuit-portland-vs-nelson-happy-valley/9-4-2026/?c=91a22dc0-1fd7-4355-a26c-ceb620e76485","https://www.maxpreps.com/or/football/game/jesuit-portland-vs-nelson-happy-valley/9-4-2026/?c=91a22dc0-1fd7-4355-a26c-ceb620e76485",f00,"Portland","Valley","https://www.maxpreps.com/or/jesuit-portland/football/","https://www.maxpreps.com/or/nelson-happy-valley/football/","",""
95,"North Lake Silver Lake vs Triangle Lake Blachly",Football,"Oregon",9/4/2026,7:30 PM,"The Triangle Lake Blachly varsity football team has a game @ North Lake Silver Lake (Oregon).","/or/football/game/north-lake-silver-lake-vs-triangle-lake-blachly/9-4-2026/?c=8c17dcac-e60b-4148-8e1f-09e9d3c62bb1","https://www.maxpreps.com/or/football/game/north-lake-silver-lake-vs-triangle-lake-blachly/9-4-2026/?c=8c17dcac-e60b-4148-8e1f-09e9d3c62bb1",11f0,"Lake","Blachly","https://www.maxpreps.com/or/north-lake-silver-lake/football/","https://www.maxpreps.com/or/triangle-lake-blachly/football/","",""
96,"Heppner vs St Paul",Football,"Oregon",9/4/2026,7:30 PM,"The St Paul varsity football team has a game @ Heppner (Oregon).","/or/football/game/heppner-vs-st-paul/9-4-2026/?c=c806f7f5-215f-4c82-8a24-e1eff9411825","https://www.maxpreps.com/or/football/game/heppner-vs-st-paul/9-4-2026/?c=c806f7f5-215f-4c82-8a24-e1eff9411825",6fb,"Heppner","Paul","https://www.maxpreps.com/or/heppner/football/","https://www.maxpreps.com/or/st-paul/football/","",""
97,"Imbler vs Prairie City",Football,"Oregon",9/4/2026,7:30 PM,"The Prairie City varsity football team has a game @ Imbler (Oregon).","/or/football/game/imbler-vs-prairie-city/9-4-2026/?c=f2698e3e-0637-4e52-8cf7-7c89291d2db2","https://www.maxpreps.com/or/football/game/imbler-vs-prairie-city/9-4-2026/?c=f2698e3e-0637-4e52-8cf7-7c89291d2db2",890,"Imbler","City","https://www.maxpreps.com/or/imbler/football/","https://www.maxpreps.com/or/prairie-city/football/","",""
98,"Banks vs Pendleton",Football,"Oregon",9/4/2026,7:30 PM,"The Pendleton varsity football team has a game @ Banks (Oregon).","/or/football/game/banks-vs-pendleton/9-4-2026/?c=dfa187ba-478a-4414-8ca2-6ca6397f7509","https://www.maxpreps.com/or/football/game/banks-vs-pendleton/9-4-2026/?c=dfa187ba-478a-4414-8ca2-6ca6397f7509",71b,"Banks","Pendleton","https://www.maxpreps.com/or/banks/football/","https://www.maxpreps.com/or/pendleton/football/","",""
99,"Corbett vs Santiam Mill City",Football,"Oregon",9/4/2026,7:30 PM,"The Santiam Mill City varsity football team has a game @ Corbett (Oregon).","/or/football/game/corbett-vs-santiam-mill-city/9-4-2026/?c=a0a15054-5694-459a-aef9-0331871733d3","https://www.maxpreps.com/or/football/game/corbett-vs-santiam-mill-city/9-4-2026/?c=a0a15054-5694-459a-aef9-0331871733d3",ae4,"Corbett","City","https://www.maxpreps.com/or/corbett/football/","https://www.maxpreps.com/or/santiam-mill-city/football/","",""
100,"Lowell vs Regis Stayton",Football,"Oregon",9/4/2026,7:30 PM,"The Regis Stayton varsity football team has a game @ Lowell (Oregon).","/or/football/game/lowell-vs-regis-stayton/9-4-2026/?c=4f965989-5281-46d7-984b-0a8d5c1e8ddf","https://www.maxpreps.com/or/football/game/lowell-vs-regis-stayton/9-4-2026/?c=4f965989-5281-46d7-984b-0a8d5c1e8ddf",92b,"Lowell","Stayton","https://www.maxpreps.com/or/lowell/football/","https://www.maxpreps.com/or/regis-stayton/football/","",""
101,"Crosspoint Christian Klamath Falls Or vs Liberty Christian Richland Wa",Football,"Oregon",9/4/2026,7:30 PM,"The Liberty Christian Richland Wa varsity football team has a game @ Crosspoint Christian Klamath Falls Or (Oregon).","/inter-state/football/game/crosspoint-christian-klamath-falls-or-vs-liberty-christian-richland-wa/9-4-2026/?c=7fd3b8d7-6850-45fd-9fa9-6344fa88d42b","https://www.maxpreps.com/inter-state/football/game/crosspoint-christian-klamath-falls-or-vs-liberty-christian-richland-wa/9-4-2026/?c=7fd3b8d7-6850-45fd-9fa9-6344fa88d42b",1b49,"Or","Wa","https://www.maxpreps.com/or/crosspoint-christian-klamath-falls-or/football/","https://www.maxpreps.com/or/liberty-christian-richland-wa/football/","",""
102,"Spanish River Boca Raton vs West Boca Raton",Football,"Oregon",9/4/2026,7:30 PM,"The West Boca Raton varsity football team has a game @ Spanish River Boca Raton (Oregon).","/fl/football/game/spanish-river-boca-raton-vs-west-boca-raton/9-4-2026/?c=2df94f0f-5814-4cd6-830e-fadc7220adf3","https://www.maxpreps.com/fl/football/game/spanish-river-boca-raton-vs-west-boca-raton/9-4-2026/?c=2df94f0f-5814-4cd6-830e-fadc7220adf3",1077,"Raton","Raton","https://www.maxpreps.com/or/spanish-river-boca-raton/football/","https://www.maxpreps.com/or/west-boca-raton/football/","",""
103,"Columbus Miami vs St Thomas Aquinas Fort Lauderdale",Football,"Oregon",9/4/2026,7:30 PM,"The St Thomas Aquinas Fort Lauderdale varsity football team has a game @ Columbus Miami (Oregon).","/fl/football/game/columbus-miami-vs-st-thomas-aquinas-fort-lauderdale/9-4-2026/?c=4c5013d0-411d-428c-aecc-b0ec69545c96","https://www.maxpreps.com/fl/football/game/columbus-miami-vs-st-thomas-aquinas-fort-lauderdale/9-4-2026/?c=4c5013d0-411d-428c-aecc-b0ec69545c96",13ce,"Miami","Lauderdale","https://www.maxpreps.com/or/columbus-miami/football/","https://www.maxpreps.com/or/st-thomas-aquinas-fort-lauderdale/football/","",""
104,"St Frances Academy Baltimore Md vs Vero Beach Fl",Football,"Oregon",9/4/2026,7:30 PM,"The Vero Beach Fl varsity football team has a game @ St Frances Academy Baltimore Md (Oregon).","/inter-state/football/game/st-frances-academy-baltimore-md-vs-vero-beach-fl/9-4-2026/?c=8657235a-0e5e-4c65-a4cf-5afea036220b","https://www.maxpreps.com/inter-state/football/game/st-frances-academy-baltimore-md-vs-vero-beach-fl/9-4-2026/?c=8657235a-0e5e-4c65-a4cf-5afea036220b",11ff,"Md","Fl","https://www.maxpreps.com/or/st-frances-academy-baltimore-md/football/","https://www.maxpreps.com/or/vero-beach-fl/football/","",""
105,"Brownsburg vs Franklin Central Indianapolis",Football,"Oregon",9/4/2026,7:30 PM,"The Franklin Central Indianapolis varsity football team has a game @ Brownsburg (Oregon).","/in/football/game/brownsburg-vs-franklin-central-indianapolis/9-4-2026/?c=955cbe28-7675-45ea-b98c-0ef9ca963cf1","https://www.maxpreps.com/in/football/game/brownsburg-vs-franklin-central-indianapolis/9-4-2026/?c=955cbe28-7675-45ea-b98c-0ef9ca963cf1",1121,"Brownsburg","Indianapolis","https://www.maxpreps.com/or/brownsburg/football/","https://www.maxpreps.com/or/franklin-central-indianapolis/football/","",""
106,"Hough Cornelius vs Providence Day Charlotte",Football,"Oregon",9/4/2026,7:30 PM,"The Providence Day Charlotte varsity football team has a game @ Hough Cornelius (Oregon).","/nc/football/game/hough-cornelius-vs-providence-day-charlotte/9-4-2026/?c=4124eab2-88ff-4d44-a633-37333b39f0b0","https://www.maxpreps.com/nc/football/game/hough-cornelius-vs-providence-day-charlotte/9-4-2026/?c=4124eab2-88ff-4d44-a633-37333b39f0b0",10ec,"Cornelius","Charlotte","https://www.maxpreps.com/or/hough-cornelius/football/","https://www.maxpreps.com/or/providence-day-charlotte/football/","",""
107,"Baylor Chattanooga Tn vs Rabun Gap Nacoochee Ga",Football,"Oregon",9/4/2026,7:30 PM,"The Rabun Gap Nacoochee Ga varsity football team has a game @ Baylor Chattanooga Tn (Oregon).","/inter-state/football/game/baylor-chattanooga-tn-vs-rabun-gap-nacoochee-ga/9-4-2026/?c=b07a4869-795e-4a26-b3ac-0cdcbcc8c3fc","https://www.maxpreps.com/inter-state/football/game/baylor-chattanooga-tn-vs-rabun-gap-nacoochee-ga/9-4-2026/?c=b07a4869-795e-4a26-b3ac-0cdcbcc8c3fc",11d5,"Tn","Ga","https://www.maxpreps.com/or/baylor-chattanooga-tn/football/","https://www.maxpreps.com/or/rabun-gap-nacoochee-ga/football/","",""
108,"Lee County Leesburg vs Sequoyah Canton",Football,"Oregon",9/4/2026,7:30 PM,"The Sequoyah Canton varsity football team has a game @ Lee County Leesburg (Oregon).","/ga/football/game/lee-county-leesburg-vs-sequoyah-canton/9-4-2026/?c=7610023d-8fa5-4efe-8b56-1d730dbb3b61","https://www.maxpreps.com/ga/football/game/lee-county-leesburg-vs-sequoyah-canton/9-4-2026/?c=7610023d-8fa5-4efe-8b56-1d730dbb3b61",eed,"Leesburg","Canton","https://www.maxpreps.com/or/lee-county-leesburg/football/","https://www.maxpreps.com/or/sequoyah-canton/football/","",""
109,"Buford Ga vs Mallard Creek Charlotte Nc",Football,"Oregon",9/4/2026,7:30 PM,"The Mallard Creek Charlotte Nc varsity football team has a game @ Buford Ga (Oregon).","/inter-state/football/game/buford-ga-vs-mallard-creek-charlotte-nc/9-4-2026/?c=06e6ec32-3617-4780-9c64-ac63fdddd2ef","https://www.maxpreps.com/inter-state/football/game/buford-ga-vs-mallard-creek-charlotte-nc/9-4-2026/?c=06e6ec32-3617-4780-9c64-ac63fdddd2ef",ebf,"Ga","Nc","https://www.maxpreps.com/or/buford-ga/football/","https://www.maxpreps.com/or/mallard-creek-charlotte-nc/football/","",""
110,"Brentwood Academy Tn vs St Josephs Prep Philadelphia Pa",Football,"Oregon",9/4/2026,7:30 PM,"The St Josephs Prep Philadelphia Pa varsity football team has a game @ Brentwood Academy Tn (Oregon).","/inter-state/football/game/brentwood-academy-tn-vs-st-josephs-prep-philadelphia-pa/9-4-2026/?c=ed5acb23-ac8e-4678-b125-34e32de77c48","https://www.maxpreps.com/inter-state/football/game/brentwood-academy-tn-vs-st-josephs-prep-philadelphia-pa/9-4-2026/?c=ed5acb23-ac8e-4678-b125-34e32de77c48",152b,"Tn","Pa","https://www.maxpreps.com/or/brentwood-academy-tn/football/","https://www.maxpreps.com/or/st-josephs-prep-philadelphia-pa/football/","",""
111,"Carrollton Ga vs Catholic Br Bears Baton Rouge La",Football,"Oregon",9/4/2026,7:30 PM,"The Catholic Br Bears Baton Rouge La varsity football team has a game @ Carrollton Ga (Oregon).","/inter-state/football/game/carrollton-ga-vs-catholic-br-bears-baton-rouge-la/9-4-2026/?c=e1dcde90-b8ab-454b-9b12-6974776f6af0","https://www.maxpreps.com/inter-state/football/game/carrollton-ga-vs-catholic-br-bears-baton-rouge-la/9-4-2026/?c=e1dcde90-b8ab-454b-9b12-6974776f6af0",1284,"Ga","La","https://www.maxpreps.com/or/carrollton-ga/football/","https://www.maxpreps.com/or/catholic-br-bears-baton-rouge-la/football/","",""
112,"Thompson Alabaster vs Vestavia Hills",Football,"Oregon",9/4/2026,7:30 PM,"The Vestavia Hills varsity football team has a game @ Thompson Alabaster (Oregon).","/al/football/game/thompson-alabaster-vs-vestavia-hills/9-4-2026/?c=592c6bca-5e37-4616-9dee-75190a10da96","https://www.maxpreps.com/al/football/game/thompson-alabaster-vs-vestavia-hills/9-4-2026/?c=592c6bca-5e37-4616-9dee-75190a10da96",e43,"Alabaster","Hills","https://www.maxpreps.com/or/thompson-alabaster/football/","https://www.maxpreps.com/or/vestavia-hills/football/","",""
113,"Allen vs Desoto",Football,"Oregon",9/4/2026,7:30 PM,"The Desoto varsity football team has a game @ Allen (Oregon).","/tx/football/game/allen-vs-desoto/9-4-2026/?c=1e1ac24c-e7af-4a4c-bd2a-2c3503a01558","https://www.maxpreps.com/tx/football/game/allen-vs-desoto/9-4-2026/?c=1e1ac24c-e7af-4a4c-bd2a-2c3503a01558",5dd,"Allen","Desoto","https://www.maxpreps.com/or/allen/football/","https://www.maxpreps.com/or/desoto/football/","",""
114,"Bishop Gorman Las Vegas Nv vs Lone Peak Highland Ut",Football,"Oregon",9/4/2026,7:30 PM,"The Lone Peak Highland Ut varsity football team has a game @ Bishop Gorman Las Vegas Nv (Oregon).","/inter-state/football/game/bishop-gorman-las-vegas-nv-vs-lone-peak-highland-ut/9-4-2026/?c=29b1621b-f35c-4b32-9edc-53e708acc330","https://www.maxpreps.com/inter-state/football/game/bishop-gorman-las-vegas-nv-vs-lone-peak-highland-ut/9-4-2026/?c=29b1621b-f35c-4b32-9edc-53e708acc330",1338,"Nv","Ut","https://www.maxpreps.com/or/bishop-gorman-las-vegas-nv/football/","https://www.maxpreps.com/or/lone-peak-highland-ut/football/","",""
115,"Pittsburg vs St John Bosco Bellflower",Football,"Oregon",9/4/2026,7:30 PM,"The St John Bosco Bellflower varsity football team has a game @ Pittsburg (Oregon).","/ca/football/game/pittsburg-vs-st-john-bosco-bellflower/9-4-2026/?c=ae4d8580-8f49-4705-b047-48c5ec08888e","https://www.maxpreps.com/ca/football/game/pittsburg-vs-st-john-bosco-bellflower/9-4-2026/?c=ae4d8580-8f49-4705-b047-48c5ec08888e",e88,"Pittsburg","Bellflower","https://www.maxpreps.com/or/pittsburg/football/","https://www.maxpreps.com/or/st-john-bosco-bellflower/football/","",""
116,"Mater Dei Santa Ana Ca vs Valor Christian Highlands Ranch Co",Football,"Oregon",9/4/2026,7:30 PM,"The Valor Christian Highlands Ranch Co varsity football team has a game @ Mater Dei Santa Ana Ca (Oregon).","/inter-state/football/game/mater-dei-santa-ana-ca-vs-valor-christian-highlands-ranch-co/9-4-2026/?c=93f7f59a-3c65-495e-bcef-c907ecb04034","https://www.maxpreps.com/inter-state/football/game/mater-dei-santa-ana-ca-vs-valor-christian-highlands-ranch-co/9-4-2026/?c=93f7f59a-3c65-495e-bcef-c907ecb04034",167a,"Ca","Co","https://www.maxpreps.com/or/mater-dei-santa-ana-ca/football/","https://www.maxpreps.com/or/valor-christian-highlands-ranch-co/football/","",""
117,"Arbor View Las Vegas Nv vs Hamilton Chandler Az",Football,"Oregon",9/4/2026,7:30 PM,"The Hamilton Chandler Az varsity football team has a game @ Arbor View Las Vegas Nv (Oregon).","/inter-state/football/game/arbor-view-las-vegas-nv-vs-hamilton-chandler-az/9-4-2026/?c=4d6c7ace-3a91-4768-b267-66760bd60042","https://www.maxpreps.com/inter-state/football/game/arbor-view-las-vegas-nv-vs-hamilton-chandler-az/9-4-2026/?c=4d6c7ace-3a91-4768-b267-66760bd60042",11d4,"Nv","Az","https://www.maxpreps.com/or/arbor-view-las-vegas-nv/football/","https://www.maxpreps.com/or/hamilton-chandler-az/football/","",""
118,"Highland Palmdale vs Santa Margarita Rancho Santa Margarita",Football,"Oregon",9/4/2026,7:30 PM,"The Santa Margarita Rancho Santa Margarita varsity football team has a game @ Highland Palmdale (Oregon).","/ca/football/game/highland-palmdale-vs-santa-margarita-rancho-santa-margarita/9-4-2026/?c=9d91d9ff-fc93-4e18-afff-7927b2f5f358","https://www.maxpreps.com/ca/football/game/highland-palmdale-vs-santa-margarita-rancho-santa-margarita/9-4-2026/?c=9d91d9ff-fc93-4e18-afff-7927b2f5f358",16bc,"Palmdale","Margarita","https://www.maxpreps.com/or/highland-palmdale/football/","https://www.maxpreps.com/or/santa-margarita-rancho-santa-margarita/football/","",""
119,"Basha Chandler Az vs Orange Lutheran Ca",Football,"Oregon",9/4/2026,7:30 PM,"The Orange Lutheran Ca varsity football team has a game @ Basha Chandler Az (Oregon).","/inter-state/football/game/basha-chandler-az-vs-orange-lutheran-ca/9-4-2026/?c=2fa972d5-6466-4981-a23b-8c675df63750","https://www.maxpreps.com/inter-state/football/game/basha-chandler-az-vs-orange-lutheran-ca/9-4-2026/?c=2fa972d5-6466-4981-a23b-8c675df63750",eb5,"Az","Ca","https://www.maxpreps.com/or/basha-chandler-az/football/","https://www.maxpreps.com/or/orange-lutheran-ca/football/","",""
